final_institution,post_subinstitution,original_institution
AARON DIAMOND AIDS RESEARCH CENTER,THE AARON DIAMOND AIDS RESEARCH CENTER,THE AARON DIAMOND AIDS RESEARCH CENTER
"ABT ASSOCIATES, INC.",,RELEVANT INSTITUTION NOT IN AGREEMENTS
ADDICTION RESEARCH INSTITUTE,,RELEVANT INSTITUTION NOT IN AGREEMENTS
ADELPHI UNIVERSITY,ADELPHI UNIVERSITY,ADELPHI UNIVERSITY
ADIRONDACK BIOMEDICAL RESEARCH INSTITUTE,,RELEVANT INSTITUTION NOT IN AGREEMENTS
AKRON CITY HOSPITAL,,RELEVANT INSTITUTION NOT IN AGREEMENTS
ALBANY MEDICAL CENTER,ALBANY MEDICAL COLLEGE OF UNION UNIVERSITY,ALBANY MEDICAL COLLEGE OF UNION UNIVERSITY
ALBERT EINSTEIN MEDICAL CENTER,ALBERT EINSTEIN HEALTHCARE NETWORK,ALBERT EINSTEIN HEALTHCARE NETWORK
ALBERT EINSTEIN MEDICAL CENTER,ALBERT EINSTEIN MEDICAL CENTER,ALBERT EINSTEIN HEALTHCARE NETWORK
ALFRED I. DU PONT HOSPITAL FOR CHILDREN,,RELEVANT INSTITUTION NOT IN AGREEMENTS
ALLEGHENY UNIVERSITY OF HEALTH SCIENCES (MCP HAHNEMANN UNIVERSITY),ALLEGHENY UNIVERSITY OF THE HEALTH SCIENCES,ALLEGHENY UNIVERSITY OF THE HEALTH SCIENCES
ALLEGHENY UNIVERSITY OF HEALTH SCIENCES (MCP HAHNEMANN UNIVERSITY),HAHNEMANN UNIVERSITY,HAHNEMANN UNIVERSITY
ALLEGHENY UNIVERSITY OF HEALTH SCIENCES (MCP HAHNEMANN UNIVERSITY),MEDICAL COLLEGE OF PENNSYLVANIA,MEDICAL COLLEGE OF PENNSYLVANIA
ALLEGHENY UNIVERSITY OF HEALTH SCIENCES (MCP HAHNEMANN UNIVERSITY),PHILADELPHIA HEALTH AND EDUCATION CORPORATION,PHILADELPHIA HEALTH AND EDUCATION CORPORATION
ALLEGHENY-SINGER RESEARCH INSTITUTE,ALLEGHENY-SINGER RESEARCH INSTITUTE,ALLEGHENY-SINGER RESEARCH INSTITUTE
ALTA BATES SUMMIT MEDICAL CENTER,,RELEVANT INSTITUTION NOT IN AGREEMENTS
AMC CANCER RESEARCH CENTER,,RELEVANT INSTITUTION NOT IN AGREEMENTS
AMERICAN DENTAL ASSOCIATION AND HEALTH FOUNDATION,AMERICAN DENTAL ASSOCIATION AND HEALTH FOUNDATION,AMERICAN DENTAL ASSOCIATION AND HEALTH FOUNDATION
AMERICAN INSTITUTES FOR RESEARCH,,RELEVANT INSTITUTION NOT IN AGREEMENTS
AMERICAN MUSEUM OF NATURAL HISTORY,,RELEVANT INSTITUTION NOT IN AGREEMENTS
AMERICAN NATIONAL RED CROSS,AMERICAN RED CROSS - NATIONAL HEADQUARTERS,AMERICAN RED CROSS - NATIONAL HEADQUARTERS
AMERICAN NATIONAL RED CROSS,"AMERICAN RED CROSS, NATIONAL CAPITAL AREA CHAPTER","AMERICAN RED CROSS, NATIONAL CAPITAL AREA CHAPTER"
"AMERICAN REGISTRY OF PATHOLOGY, INC.",,RELEVANT INSTITUTION NOT IN AGREEMENTS
AMERICAN UNIVERSITY,THE AMERICAN UNIVERSITY,THE AMERICAN UNIVERSITY
AMHERST COLLEGE,AMHERST COLLEGE,AMHERST COLLEGE
ARIZONA STATE UNIVERSITY,ARIZONA STATE UNIVERSITY,ARIZONA STATE UNIVERSITY
ARKANSAS CHILDRENS HOSPITAL RESEARCH INSTITUTE,ARKANSAS CHILDREN'S HOSPITAL RESEARCH CENTER,ARKANSAS CHILDREN'S HOSPITAL RESEARCH CENTER
AUBURN UNIVERSITY AT AUBURN,AUBURN UNIVERSITY,AUBURN UNIVERSITY
BALL STATE UNIVERSITY,BALL STATE UNIVERSITY,BALL STATE UNIVERSITY
BALTIMORE CITY HOSPITALS,,RELEVANT INSTITUTION NOT IN AGREEMENTS
BARNARD COLLEGE,BARNARD COLLEGE,BARNARD COLLEGE
BARNES-JEWISH HOSPITAL,BARNES-JEWISH HOSPITAL,BARNES-JEWISH HOSPITAL
BATTELLE CENTERS FOR PUBLIC HEALTH RESEARCH AND EVALUATION,,RELEVANT INSTITUTION NOT IN AGREEMENTS
BATTELLE MEMORIAL INSTITUTE,,RELEVANT INSTITUTION NOT IN AGREEMENTS
BATTELLE PACIFIC NORTHWEST LABORATORIES,,RELEVANT INSTITUTION NOT IN AGREEMENTS
BAYLOR COLLEGE OF MEDICINE,BAYLOR COLLEGE OF MEDICINE,BAYLOR COLLEGE OF MEDICINE
BAYLOR RESEARCH INSTITUTE,BAYLOR RESEARCH INSTITUTE,BAYLOR RESEARCH INSTITUTE
BAYLOR UNIVERSITY,BAYLOR UNIVERSITY,BAYLOR UNIVERSITY
BECKMAN RESEARCH INSTITUTE OF CITY OF HOPE,BECKMAN RESEARCH INSTITUTE,BECKMAN RESEARCH INSTITUTE
BELMONT CENTER FOR COMPREHENSIVE TREATMENT,,RELEVANT INSTITUTION NOT IN AGREEMENTS
BENAROYA RESEARCH INSTITUTE AT VIRGINIA MASON,BENAROYA RESEARCH INSTITUTE AT VIRGINIA MASON,BENAROYA RESEARCH INSTITUTE AT VIRGINIA MASON
BETH ISRAEL DEACONESS MEDICAL CENTER,BETH ISRAEL DEACONESS MEDICAL CENTER,BETH ISRAEL DEACONESS MEDICAL CENTER
"BETH ISRAEL HOSPITAL (PASSAIC, NJ)",,RELEVANT INSTITUTION NOT IN AGREEMENTS
BETH ISRAEL MEDICAL CENTER (NEW YORK),BETH ISRAEL MEDICAL CENTER,BETH ISRAEL MEDICAL CENTER
BILL WILKERSON HEARING AND SPEECH CENTER,,RELEVANT INSTITUTION NOT IN AGREEMENTS
"BIO-RESEARCH INSTITUTE, INC.",,RELEVANT INSTITUTION NOT IN AGREEMENTS
BLOODCENTER OF WISCONSIN INC,BLOODCENTER OF WISCONSIN,BLOODCENTER OF WISCONSIN
BOSTON BIOMEDICAL RESEARCH INSTITUTE,BOSTON BIOMEDICAL RESEARCH INSTITUTE,BOSTON BIOMEDICAL RESEARCH INSTITUTE
BOSTON COLLEGE,BOSTON COLLEGE,BOSTON COLLEGE
BOSTON HEALTH AND HOSPITALS DEPARTMENT,,RELEVANT INSTITUTION NOT IN AGREEMENTS
BOSTON MEDICAL CENTER,BOSTON MEDICAL CENTER,BOSTON MEDICAL CENTER
BOSTON UNIVERSITY,BOSTON UNIVERSITY,BOSTON UNIVERSITY
BOWDOIN COLLEGE,BOWDOIN COLLEGE,BOWDOIN COLLEGE
BOWLING GREEN STATE UNIVERSITY,BOWLING GREEN STATE UNIVERSITY,BOWLING GREEN STATE UNIVERSITY
BOYCE THOMPSON INST FOR PLANT RESEARCH,"BOYCE THOMPSON INSTITUTE FOR PLANT RESEARCH, INC.","BOYCE THOMPSON INSTITUTE FOR PLANT RESEARCH, INC."
BRANDEIS UNIVERSITY,BRANDEIS UNIVERSITY,BRANDEIS UNIVERSITY
BRENTWOOD BIOMEDICAL RESEARCH INSTITUTE,BRENTWOOD BIOMEDICAL RESEARCH INSTITUTE,BRENTWOOD BIOMEDICAL RESEARCH INSTITUTE
BRIGHAM AND WOMENS HOSPITAL,BRIGHAM AND WOMEN'S HOSPITAL,BRIGHAM AND WOMEN'S HOSPITAL
BRIGHAM YOUNG UNIVERSITY,BRIGHAM YOUNG UNIVERSITY,BRIGHAM YOUNG UNIVERSITY
BRONX-LEBANON HOSPITAL CENTER,BRONX-LEBANON HOSPITAL CENTER,BRONX-LEBANON HOSPITAL CENTER
BROOKLYN HOSPITAL CENTER,,RELEVANT INSTITUTION NOT IN AGREEMENTS
BROWN UNIVERSITY,BROWN UNIVERSITY,BROWN UNIVERSITY
BRYN MAWR COLLEGE,BRYN MAWR COLLEGE,BRYN MAWR COLLEGE
BUCK INSTITUTE FOR AGE RESEARCH,BUCK INSTITUTE FOR AGE RESEARCH,BUCK INSTITUTE FOR AGE RESEARCH
BUCKNELL UNIVERSITY,BUCKNELL UNIVERSITY,BUCKNELL UNIVERSITY
BUTLER HOSPITAL (PROVIDENCE RI),BUTLER HOSPITAL,BUTLER HOSPITAL
CALIFORNIA INSTITUTE FOR MEDICAL RESEARCH,CALIFORNIA INSTITUTE FOR MEDICAL RESEARCH,CALIFORNIA INSTITUTE FOR MEDICAL RESEARCH
CALIFORNIA INSTITUTE OF BIOLOGICAL RESEARCH,,RELEVANT INSTITUTION NOT IN AGREEMENTS
CALIFORNIA INSTITUTE OF TECHNOLOGY,CALIFORNIA INSTITUTE OF TECHNOLOGY,CALIFORNIA INSTITUTE OF TECHNOLOGY
CALIFORNIA PACIFIC MEDICAL CENTER RESEARCH INSTITUTE,CALIFORNIA PACIFIC MEDICAL CENTER RESEARCH INSTITUTE,CALIFORNIA PACIFIC MEDICAL CENTER RESEARCH INSTITUTE
CALIFORNIA STATE UNIVERSITY AT BAKERSFIELD,CALIFORNIA STATE UNIVERSITY AT BAKERSFIELD,CALIFORNIA STATE UNIVERSITY AT BAKERSFIELD
CALIFORNIA STATE UNIVERSITY AT CHICO,CALIFORNIA STATE UNIVERSITY AT CHICO,CALIFORNIA STATE UNIVERSITY AT CHICO
CALIFORNIA STATE UNIVERSITY AT FRESNO,CALIFORNIA STATE UNIVERSITY - FRESNO FOUNDATION,CALIFORNIA STATE UNIVERSITY - FRESNO FOUNDATION
CALIFORNIA STATE UNIVERSITY AT FRESNO,CALIFORNIA STATE UNIVERSITY AT FRESNO,CALIFORNIA STATE UNIVERSITY AT FRESNO
CALIFORNIA STATE UNIVERSITY AT FULLERTON,CALIFORNIA STATE UNIVERSITY AT FULLERTON,CALIFORNIA STATE UNIVERSITY AT FULLERTON
CALIFORNIA STATE UNIVERSITY AT HAYWARD,CALIFORNIA STATE UNIVERSITY AT HAYWARD,CALIFORNIA STATE UNIVERSITY AT HAYWARD
CALIFORNIA STATE UNIVERSITY AT HUMBOLDT,CALIFORNIA STATE UNIVERSITY AT HUMBOLDT,CALIFORNIA STATE UNIVERSITY AT HUMBOLDT
CALIFORNIA STATE UNIVERSITY AT LONG BEACH,CALIFORNIA STATE UNIVERSITY AT LONG BEACH,CALIFORNIA STATE UNIVERSITY AT LONG BEACH
CALIFORNIA STATE UNIVERSITY AT LOS ANGELES,"CALIFORNIA STATE UNIVERSITY AT LOS ANGELES - AUXILIARY SERVICES, INC.","CALIFORNIA STATE UNIVERSITY AT LOS ANGELES - AUXILIARY SERVICES, INC."
CALIFORNIA STATE UNIVERSITY AT NORTHRIDGE,CALIFORNIA STATE UNIVERSITY AT NORTHRIDGE,CALIFORNIA STATE UNIVERSITY AT NORTHRIDGE
CALIFORNIA STATE UNIVERSITY AT SACREMENTO,CALIFORNIA STATE UNIVERSITY - SACREMENTO FOUNDATION,CALIFORNIA STATE UNIVERSITY - SACREMENTO FOUNDATION
CALIFORNIA STATE UNIVERSITY AT SAN MARCOS,CALIFORNIA STATE UNIVERSITY AT SAN MARCOS,CALIFORNIA STATE UNIVERSITY AT SAN MARCOS
CANCER RESEARCH INSTITUTE OF CONTRA COSTA,CANCER RESEARCH INSTITUTE OF CONTRA COSTA,CANCER RESEARCH INSTITUTE OF CONTRA COSTA
"CARNEGIE INSTITUTION OF WASHINGTON, D.C.",,RELEVANT INSTITUTION NOT IN AGREEMENTS
CARNEGIE MELLON UNIVERSITY,CARNEGIE MELLON UNIVERSITY,CARNEGIE MELLON UNIVERSITY
CAROLINAS MEDICAL CENTER,CAROLINAS MEDICAL CENTER,CAROLINAS MEDICAL CENTER
CASE WESTERN RESERVE UNIVERSITY,CASE WESTERN RESERVE UNIVERSITY,CASE WESTERN RESERVE UNIVERSITY
CATHOLIC UNIVERSITY OF AMERICA,THE CATHOLIC UNIVERSITY OF AMERICA,THE CATHOLIC UNIVERSITY OF AMERICA
CEDARS-SINAI MEDICAL CENTER,CEDARS-SINAI MEDICAL CENTER,CEDARS-SINAI MEDICAL CENTER
CENTER FOR BLOOD RESEARCH,,RELEVANT INSTITUTION NOT IN AGREEMENTS
CENTER FOR HEALTH ECONOMICS RESEARCH,,RELEVANT INSTITUTION NOT IN AGREEMENTS
CENTER FOR HEALTH STUDIES,,RELEVANT INSTITUTION NOT IN AGREEMENTS
CENTER FOR MOLECULAR MEDICINE AND IMMUNOLOGY,CENTER FOR MOLECULAR MEDICINE AND IMMUNOLOGY,CENTER FOR MOLECULAR MEDICINE AND IMMUNOLOGY
CENTRAL INSTITUTE FOR THE DEAF,,RELEVANT INSTITUTION NOT IN AGREEMENTS
CENTRAL MICHIGAN UNIVERSITY,CENTRAL MICHIGAN UNIVERSITY,CENTRAL MICHIGAN UNIVERSITY
CENTRAL NEW YORK RESEARCH CORPORATION,CENTRAL NEW YORK RESEARCH CORPORATION,CENTRAL NEW YORK RESEARCH CORPORATION
CHARLES F. KETTERING FOUNDATION RESEARCH LAB,,RELEVANT INSTITUTION NOT IN AGREEMENTS
CHARLES R. DREW UNIVERSITY OF MEDICINE AND SCIENCE,CHARLES R. DREW UNIVERSITY OF MEDICINE AND SCIENCE,CHARLES R. DREW UNIVERSITY OF MEDICINE AND SCIENCE
CHESTNUT HEALTH SYSTEMS INC,CHESTNUT HEALTH SYSTEMS,CHESTNUT HEALTH SYSTEMS
CHICAGO COLLEGE OF OSTEOPATHIC MEDICINE,,RELEVANT INSTITUTION NOT IN AGREEMENTS
"CHILD TRENDS, INC.","CHILD TRENDS, INC.","CHILD TRENDS, INC."
CHILDRENS HOSPITAL (BUFFALO),,RELEVANT INSTITUTION NOT IN AGREEMENTS
CHILDRENS HOSPITAL (DENVER),THE CHILDREN'S HOSPITAL,THE CHILDREN'S HOSPITAL
CHILDRENS HOSPITAL AND REGIONAL MEDICAL CENTER (SEATTLE),CHILDREN'S HOSPITAL AND REGIONAL MEDICAL CENTER,CHILDREN'S HOSPITAL AND REGIONAL MEDICAL CENTER
CHILDRENS HOSPITAL MEDICAL CENTER OF CINCINNATI,CHILDREN'S HOSPITAL MEDICAL CENTER OF CINCINNATI,CHILDREN'S HOSPITAL MEDICAL CENTER OF CINCINNATI
CHILDRENS HOSPITAL OF BOSTON,CHILDREN'S HOSPITAL OF BOSTON,CHILDREN'S HOSPITAL OF BOSTON
CHILDRENS HOSPITAL OF COLUMBUS,CHILDREN'S HOSPITAL OF COLUMBUS,CHILDREN'S HOSPITAL OF COLUMBUS
CHILDRENS HOSPITAL OF LOS ANGELES,CHILDREN'S HOSPITAL OF LOS ANGELES,CHILDREN'S HOSPITAL OF LOS ANGELES
CHILDRENS HOSPITAL OF OAKLAND,CHILDREN'S HOSPITAL OF OAKLAND,CHILDREN'S HOSPITAL OF OAKLAND
CHILDRENS HOSPITAL OF PHILADELPHIA,CHILDREN'S HOSPITAL OF PHILADELPHIA,CHILDREN'S HOSPITAL OF PHILADELPHIA
CHILDRENS HOSPITAL RESEARCH CENTER (SAN DIEGO),CHILDREN'S HOSPITAL RESEARCH CENTER,CHILDREN'S HOSPITAL RESEARCH CENTER
CHILDRENS MEMORIAL HOSPITAL (CHICAGO),CHILDREN'S MEMORIAL HOSPITAL,CHILDREN'S MEMORIAL HOSPITAL
"CHILDRENS MERCY HOSPITAL (KANSAS CITY, MO)",CHILDRENS MERCY HOSPITAL,CHILDRENS MERCY HOSPITAL
"CHILDRENS RESEARCH INSTITUTE (WASHINGTON, DC)",CHILDREN'S RESEARCH INSTITUTE,CHILDREN'S RESEARCH INSTITUTE
CHRIST HOSPITAL (CINCINNATI),,RELEVANT INSTITUTION NOT IN AGREEMENTS
CLAREMONT GRADUATE UNIVERSITY,CLAREMONT GRADUATE UNIVERSITY,CLAREMONT GRADUATE UNIVERSITY
CLARIAN HEALTH PARTNERS INC,"CLARIAN HEALTH PARTNERS, INC.","CLARIAN HEALTH PARTNERS, INC."
CLARK UNIVERSITY (WORCESTER MA),CLARK UNIVERSITY,CLARK UNIVERSITY
CLARKSON UNIVERSITY,CLARKSON UNIVERSITY,CLARKSON UNIVERSITY
CLEMSON UNIVERSITY,CLEMSON UNIVERSITY,CLEMSON UNIVERSITY
CLEVELAND CLINIC FOUNDATION,CLEVELAND CLINIC FOUNDATION,CLEVELAND CLINIC FOUNDATION
CLEVELAND STATE UNIVERSITY,CLEVELAND STATE UNIVERSITY,CLEVELAND STATE UNIVERSITY
COLD SPRING HARBOR LABORATORY,COLD SPRING HARBOR LABORATORY,COLD SPRING HARBOR LABORATORY
COLLEGE OF MEDICINE AT PEORIA,,RELEVANT INSTITUTION NOT IN AGREEMENTS
COLLEGE OF MEDICINE AT ROCKFORD,,RELEVANT INSTITUTION NOT IN AGREEMENTS
COLLEGE OF WILLIAM AND MARY,THE COLLEGE OF WILLIAM AND MARY,THE COLLEGE OF WILLIAM AND MARY
COLLEGE OF WILLIAM AND MARY,WILLIAM AND MARY,WILLIAM AND MARY
COLORADO STATE UNIVERSITY AT FORT COLLINS,COLORADO STATE UNIVERSITY,COLORADO STATE UNIVERSITY
COLUMBIA UNIVERSITY IN THE CITY OF NEW YORK,COLUMBIA UNIVERSITY,COLUMBIA UNIVERSITY
COLUMBIA UNIVERSITY TEACHERS COLLEGE,TEACHERS COLLEGE OF COLUMBIA UNIVERSITY,TEACHERS COLLEGE OF COLUMBIA UNIVERSITY
CORIELL INSTITUTE FOR MEDICAL RESEARCH,CORIELL INSTITUTE FOR MEDICAL RESEARCH,CORIELL INSTITUTE FOR MEDICAL RESEARCH
CORNELL COLLEGE,CORNELL COLLEGE,CORNELL COLLEGE
CORNELL UNIVERSITY,CORNELL UNIVERSITY,CORNELL UNIVERSITY
CREIGHTON UNIVERSITY,CREIGHTON UNIVERSITY,CREIGHTON UNIVERSITY
CTRC RESEARCH FOUNDATION,CANCER THERAPY AND RESEARCH CENTER,CANCER THERAPY AND RESEARCH CENTER
CUNY - BARUCH COLLEGE,CUNY - BARUCH COLLEGE,CUNY - BARUCH COLLEGE
CUNY - BROOKLYN COLLEGE,CUNY - BROOKLYN COLLEGE,CUNY - BROOKLYN COLLEGE
CUNY - CITY COLLEGE,CUNY - CITY COLLEGE,CUNY - CITY COLLEGE
CUNY - COLLEGE OF STATEN ISLAND,CUNY - COLLEGE OF STATEN ISLAND,CUNY - COLLEGE OF STATEN ISLAND
CUNY - GRADUATE CENTER,CUNY - GRADUATE CENTER,CUNY - GRADUATE CENTER
CUNY - HUNTER COLLEGE,CUNY - HUNTER COLLEGE,CUNY - HUNTER COLLEGE
CUNY - JOHN JAY COLLEGE,CUNY - JOHN JAY COLLEGE,CUNY - JOHN JAY COLLEGE
CUNY - LEHMAN COLLEGE,CUNY - LEHMAN COLLEGE,CUNY - LEHMAN COLLEGE
CUNY - QUEENS COLLEGE,CUNY - QUEENS COLLEGE,CUNY - QUEENS COLLEGE
CUNY - YORK COLLEGE,CUNY - YORK COLLEGE,CUNY - YORK COLLEGE
DANA-FARBER CANCER INSTITUTE,DANA FARBER CANCER INSTITUTE,DANA FARBER CANCER INSTITUTE
DARTMOUTH COLLEGE,DARTMOUTH COLLEGE,DARTMOUTH COLLEGE
DE PAUL UNIVERSITY,DEPAUL UNIVERSITY,DEPAUL UNIVERSITY
DENVER CENTER FOR THE PERFORMING ARTS,DENVER CENTER FOR THE PERFORMING ARTS,DENVER CENTER FOR THE PERFORMING ARTS
DOHENY EYE INSTITUTE,DOHENY EYE INSTITUTE,DOHENY EYE INSTITUTE
DONALD DANFORTH PLANT SCIENCE CENTER,,RELEVANT INSTITUTION NOT IN AGREEMENTS
DONALD GUTHRIE FOUNDATION FOR MEDICAL RESEARCH,"DONALD GUTHRIE FOUNDATION FOR MEDICAL RESEARCH,INC","DONALD GUTHRIE FOUNDATION FOR MEDICAL RESEARCH,INC"
DREXEL UNIVERSITY,DREXEL UNIVERSITY,DREXEL UNIVERSITY
DREXEL UNIVERSITY COLLEGE OF MEDICINE,,RELEVANT INSTITUTION NOT IN AGREEMENTS
DUKE UNIVERSITY,DUKE UNIVERSITY,DUKE UNIVERSITY
DUQUESNE UNIVERSITY,DUQUESNE UNIVERSITY,DUQUESNE UNIVERSITY
EAST CAROLINA UNIVERSITY,EAST CAROLINA UNIVERSITY,EAST CAROLINA UNIVERSITY
EAST TENNESSEE STATE UNIVERSITY,EAST TENNESSEE STATE UNIVERSITY,EAST TENNESSEE STATE UNIVERSITY
EAST-WEST CENTER,,RELEVANT INSTITUTION NOT IN AGREEMENTS
EASTERN VIRGINIA MEDICAL SCHOOL,EASTERN VIRGINIA MEDICAL SCHOOL,EASTERN VIRGINIA MEDICAL SCHOOL
EASTERN VIRGINIA MEDICAL SCHOOL,MEDICAL COLLEGE OF HAMPTON ROADS,MEDICAL COLLEGE OF HAMPTON ROADS
EDUCATION DEVELOPMENT CENTER INC,"EDUCATION DEVELOPMENT CENTER, INC.","EDUCATION DEVELOPMENT CENTER, INC."
EDUCATIONAL TESTING SERVICE,,RELEVANT INSTITUTION NOT IN AGREEMENTS
ELEANOR ROOSEVELT INSTITUTE FOR CANCER RESEARCH,,RELEVANT INSTITUTION NOT IN AGREEMENTS
ELLIS FISCHEL STATE CANCER CENTER,,RELEVANT INSTITUTION NOT IN AGREEMENTS
EMMA PENDLETON BRADLEY HOSPITAL,BRADLEY HOSPITAL/LIFESPAN,BRADLEY HOSPITAL/LIFESPAN
EMORY UNIVERSITY,EMORY UNIVERSITY,EMORY UNIVERSITY
ERNEST GALLO CLINIC AND RESEARCH CENTER,ERNEST GALLO CLINIC AND RESEARCH CENTER,ERNEST GALLO CLINIC AND RESEARCH CENTER
EUNICE KENNEDY SHRIVER CENTER FOR MENTAL RETARDATION,,RELEVANT INSTITUTION NOT IN AGREEMENTS
EVANSTON HOSPITAL,EVANSTON NORTHWESTERN HEALTHCARE,EVANSTON NORTHWESTERN HEALTHCARE
FAIRLEIGH DICKINSON UNIVERSITY,FAIRLEIGH DICKINSON UNIVERSITY,FAIRLEIGH DICKINSON UNIVERSITY
FAMILY HEALTH INTERNATIONAL,,RELEVANT INSTITUTION NOT IN AGREEMENTS
FATHER FLANAGANS BOYS HOME,FATHER FLANAGAN'S BOYS' HOME,FATHER FLANAGAN'S BOYS' HOME
FEINSTEIN INSTITUTE FOR MEDICAL RESEARCH,,RELEVANT INSTITUTION NOT IN AGREEMENTS
FLORIDA ATLANTIC UNIVERSITY,FLORIDA ATLANTIC UNIVERSITY,FLORIDA ATLANTIC UNIVERSITY
FLORIDA INSTITUTE OF TECHNOLOGY,FLORIDA INSTITUTE OF TECHNOLOGY,FLORIDA INSTITUTE OF TECHNOLOGY
FLORIDA INTERNATIONAL UNIVERSITY,FLORIDA INTERNATIONAL UNIVERSITY,FLORIDA INTERNATIONAL UNIVERSITY
FLORIDA STATE UNIVERSITY,FLORIDA STATE UNIVERSITY,FLORIDA STATE UNIVERSITY
FORDHAM UNIVERSITY,FORDHAM UNIVERSITY,FORDHAM UNIVERSITY
FORSYTH INSTITUTE,THE FORSYTH INSTITUTE,THE FORSYTH INSTITUTE
FOUNDATION FOR BLOOD RESEARCH,FOUNDATION FOR BLOOD RESEARCH,FOUNDATION FOR BLOOD RESEARCH
FOX CHASE CANCER CENTER,THE FOX CHASE CANCER CENTER,THE FOX CHASE CANCER CENTER
FRANKLIN AND MARSHALL COLLEGE,FRANKLIN AND MARSHALL COLLEGE,FRANKLIN AND MARSHALL COLLEGE
FRED HUTCHINSON CANCER RESEARCH CENTER,FRED HUTCHINSON CANCER RESEARCH CENTER,FRED HUTCHINSON CANCER RESEARCH CENTER
"FRIENDS RESEARCH INSTITUTE, INC.","FRIENDS RESEARCH INSTITUTE, INC.","FRIENDS RESEARCH INSTITUTE, INC."
"FRONTIER SCIENCE AND TECHNOLOGY RESEARCH FOUNDATION,INC.","FRONTIER SCIENCE AND TECHNOLOGY RESEARCH FOUNDATION,INC.","FRONTIER SCIENCE AND TECHNOLOGY RESEARCH FOUNDATION,INC."
GALLAUDET UNIVERSITY,GALLAUDET COLLEGE,GALLAUDET COLLEGE
GALLAUDET UNIVERSITY,GALLAUDET UNIVERSITY,GALLAUDET UNIVERSITY
GEISINGER MEDICAL CENTER,GEISINGER CLINIC,GEISINGER CLINIC
GEISINGER MEDICAL CENTER,GEISINGER MEDICAL CENTER,PENNSYLVANIA STATE UNIVERSITY
GENESEE HOSPITAL,,RELEVANT INSTITUTION NOT IN AGREEMENTS
GEORGE MASON UNIVERSITY,GEORGE MASON UNIVERSITY,GEORGE MASON UNIVERSITY
GEORGE WASHINGTON UNIVERSITY,THE GEORGE WASHINGTON UNIVERSITY,THE GEORGE WASHINGTON UNIVERSITY
GEORGETOWN UNIVERSITY,GEORGETOWN UNIVERSITY,GEORGETOWN UNIVERSITY
GEORGIA INSTITUTE OF TECHNOLOGY,GEORGIA INSTITUTE OF TECHNOLOGY,GEORGIA INSTITUTE OF TECHNOLOGY
GEORGIA INSTITUTE OF TECHNOLOGY,GEORGIA INSTITUTE OF TECHNOLOGY GEORGIA,GEORGIA INSTITUTE OF TECHNOLOGY GEORGIA
GEORGIA SOUTHERN UNIVERSITY,GEORGIA SOUTHERN UNIVERSITY,GEORGIA SOUTHERN UNIVERSITY
GEORGIA STATE UNIVERSITY,GEORGIA STATE UNIVERSITY,GEORGIA STATE UNIVERSITY
GEORGIA STATE UNIVERSITY,GEORGIA STATE UNIVERSITY AND GEORGIA STATE UNIVERSITY RESEARCH FOUNDATION,GEORGIA STATE UNIVERSITY AND GEORGIA STATE UNIVERSITY RESEARCH FOUNDATION
"GOOD SAMARITAN HOSPITAL (LOS ANGELES, CA)",GOOD SAMARITAN HOSPITAL,GOOD SAMARITAN HOSPITAL
"GOOD SAMARITAN HOSPITAL AND MEDICAL CENTER (PORTLAND, OR)",,RELEVANT INSTITUTION NOT IN AGREEMENTS
"GOOD SAMARITAN MEDICAL CENTER (CORVALLIS, OR)",,RELEVANT INSTITUTION NOT IN AGREEMENTS
GRADUATE HOSPITAL (PHILADELPHIA),,RELEVANT INSTITUTION NOT IN AGREEMENTS
GROUP HEALTH COOPERATIVE OF PUGET SOUND,GROUP HEALTH COOPERATIVE,GROUP HEALTH COOPERATIVE
GULF SOUTH RESEARCH INSTITUTE,,RELEVANT INSTITUTION NOT IN AGREEMENTS
HARLEM HOSPITAL CENTER,,RELEVANT INSTITUTION NOT IN AGREEMENTS
HARTFORD HOSPITAL,HARTFORD HOSPITAL,HARTFORD HOSPITAL
HARVARD MEDICAL SCHOOL,HARVARD MEDICAL SCHOOL,HARVARD MEDICAL SCHOOL
HARVARD MEDICAL SCHOOL,HARVARD MEDICAL SCHOOL,HARVARD UNIVERSITY
HARVARD MEDICAL SCHOOL,HARVARD MEDICAL SCHOOL,HARVARD UNIVERSITY SCHOOL OF PUBLIC HEALTH
HARVARD PILGRIM HEALTH CARE INC,"HARVARD PILGRIM HEALTH CARE, INC.","HARVARD PILGRIM HEALTH CARE, INC."
HARVARD UNIVERSITY,HARVARD UNIVERSITY,HARVARD UNIVERSITY
HARVARD UNIVERSITY SCHOOL OF PUBLIC HEALTH,HARVARD SCHOOL OF PUBLIC HEALTH,HARVARD SCHOOL OF PUBLIC HEALTH
HARVARD UNIVERSITY SCHOOL OF PUBLIC HEALTH,HARVARD UNIVERSITY SCHOOL OF PUBLIC HEALTH,HARVARD MEDICAL SCHOOL
HARVARD UNIVERSITY SCHOOL OF PUBLIC HEALTH,HARVARD UNIVERSITY SCHOOL OF PUBLIC HEALTH,HARVARD UNIVERSITY
HARVARD UNIVERSITY SCHOOL OF PUBLIC HEALTH,HARVARD UNIVERSITY SCHOOL OF PUBLIC HEALTH,HARVARD UNIVERSITY SCHOOL OF PUBLIC HEALTH
HASKINS LABORATORIES,HASKINS LABORATORIES,HASKINS LABORATORIES
HASTINGS CENTER INC,THE HASTINGS CENTER,THE HASTINGS CENTER
"HAUPTMAN-WOODWARD MEDICAL RESEARCH INSTITUTE, INC.","HAUPTMAN-WOODWARD MEDICAL RESEARCH INSTITUTE, INC.","HAUPTMAN-WOODWARD MEDICAL RESEARCH INSTITUTE, INC."
HAVERFORD COLLEGE,THE CORPORATION OF HAVERFORD COLLEGE,THE CORPORATION OF HAVERFORD COLLEGE
HEALTH PARTNERS RESEARCH FOUNDATION,HEALTH PARTNERS RESEARCH FOUNDATION,HEALTH PARTNERS RESEARCH FOUNDATION
HEBREW HOME OF GREATER WASHINGTON,HEBREW HOME OF GREATER WASHINGTON,HEBREW HOME OF GREATER WASHINGTON
HEBREW REHABILITATION CENTER FOR AGED,HEBREW REHABILITATION CENTER FOR AGED,HEBREW REHABILITATION CENTER FOR AGED
HEKTOEN INSTITUTE FOR MEDICAL RESEARCH,HEKTOEN INSTITUTE FOR MEDICAL RESEARCH,HEKTOEN INSTITUTE FOR MEDICAL RESEARCH
HELEN HAYES HOSPITAL,,RELEVANT INSTITUTION NOT IN AGREEMENTS
HENNEPIN COUNTY MEDICAL CENTER,,RELEVANT INSTITUTION NOT IN AGREEMENTS
HENRY FORD HEALTH SYSTEM,HENRY FORD HEALTH SYSTEM IDC,HENRY FORD HEALTH SYSTEM IDC
HENRY M. JACKSON FOUNDATION FOR THE ADVANCEMENT OF MILITARY MEDICINE,,RELEVANT INSTITUTION NOT IN AGREEMENTS
"HISPANIC HEALTH COUNCIL, INC.","HISPANIC HEALTH COUNCIL, INC.","HISPANIC HEALTH COUNCIL, INC."
HOFSTRA UNIVERSITY,HOFSTRA UNIVERSITY,HOFSTRA UNIVERSITY
HOPE COLLEGE,HOPE COLLEGE,HOPE COLLEGE
HOSPITAL FOR JOINT DISEASES ORTHOPAEDIC INSTITUTE,HOSPITAL FOR JOINT DISEASES ORTHOPAEDIC INSTITUTE,HOSPITAL FOR JOINT DISEASES ORTHOPAEDIC INSTITUTE
HOSPITAL FOR SPECIAL SURGERY,HOSPITAL FOR SPECIAL SURGERY,HOSPITAL FOR SPECIAL SURGERY
HOUSE EAR INSTITUTE,HOUSE EAR INSTITUTE,HOUSE EAR INSTITUTE
HOWARD UNIVERSITY,HOWARD UNIVERSITY,HOWARD UNIVERSITY
HUMAN INTERACTION RESEARCH INSTITUTE,HUMAN INTERACTION RESEARCH INSTITUTE,HUMAN INTERACTION RESEARCH INSTITUTE
HUNTINGTON MEDICAL RESEARCH INSTITUTES,HUNTINGTON MEDICAL RESEARCH INSTITUTE,HUNTINGTON MEDICAL RESEARCH INSTITUTE
IDAHO STATE UNIVERSITY,IDAHO STATE UNIVERSITY,IDAHO STATE UNIVERSITY
IIT RESEARCH INSTITUTE,,RELEVANT INSTITUTION NOT IN AGREEMENTS
ILLINOIS INSTITUTE OF TECHNOLOGY,ILLINOIS INSTITUTE OF TECHNOLOGY,ILLINOIS INSTITUTE OF TECHNOLOGY
ILLINOIS STATE PSYCHIATRIC INSTITUTE,,RELEVANT INSTITUTION NOT IN AGREEMENTS
ILLINOIS STATE UNIVERSITY,ILLINOIS STATE UNIVERSITY,ILLINOIS STATE UNIVERSITY
INDIANA STATE UNIVERSITY,INDIANA STATE UNIVERSITY/TERRE HAUTE,INDIANA STATE UNIVERSITY/TERRE HAUTE
INDIANA UNIVERSITY,INDIANA UNIVERSITY,INDIANA UNIVERSITY
INDIANA UNIVERSITY - PURDUE UNIVERSITY AT INDIANAPOLIS,,RELEVANT INSTITUTION NOT IN AGREEMENTS
INDIANAPOLIS CENTER FOR ADVANCED RESEARCH,,RELEVANT INSTITUTION NOT IN AGREEMENTS
INSTITUTE FOR CANCER PREVENTION,INSTITUTION FOR CANCER PREVENTION,INSTITUTION FOR CANCER PREVENTION
INSTITUTE FOR COMMUNITY RESEARCH,"THE INSTITUTE FOR COMMUNITY RESEARCH, INC.","THE INSTITUTE FOR COMMUNITY RESEARCH, INC."
INSTITUTE FOR GENOMIC RESEARCH,,RELEVANT INSTITUTION NOT IN AGREEMENTS
INSTITUTE FOR RESEARCH IN SOCIAL BEHAVIOR,,RELEVANT INSTITUTION NOT IN AGREEMENTS
INSTITUTE OF APPLIED PHYSIOLOGY AND MEDICINE,,RELEVANT INSTITUTION NOT IN AGREEMENTS
INSTITUTES FOR BEHAVIOR RESOURCES INC,"INSTITUTES FOR BEHAVIOR RESOURCES, INC.","INSTITUTES FOR BEHAVIOR RESOURCES, INC."
IOWA STATE UNIVERSITY,IOWA STATE UNIVERSITY,IOWA STATE UNIVERSITY
JACKSON STATE UNIVERSITY,JACKSON STATE UNIVERSITY,JACKSON STATE UNIVERSITY
JEWISH HOSPITAL AND MEDICAL CENTER OF BROOKLYN,,RELEVANT INSTITUTION NOT IN AGREEMENTS
JEWISH HOSPITAL OF SAINT LOUIS,,RELEVANT INSTITUTION NOT IN AGREEMENTS
"JOHN B. PIERCE LABORATORY, INC.","THE JOHN B. PIERCE LABORATORY, INC.","THE JOHN B. PIERCE LABORATORY, INC."
JOHN WAYNE CANCER INSTITUTE,JOHN WAYNE CANCER INSTITUTE,JOHN WAYNE CANCER INSTITUTE
JOHNS HOPKINS UNIVERSITY,THE JOHNS HOPKINS UNIVERSITY,THE JOHNS HOPKINS UNIVERSITY
JOSLIN DIABETES CENTER,JOSLIN DIABETES CENTER,JOSLIN DIABETES CENTER
JUDGE BAKER CHILDRENS CENTER,JUDGE BAKER CHILDREN'S CENTER,JUDGE BAKER CHILDREN'S CENTER
KAISER FOUNDATION RESEARCH INSTITUTE - SOUTHERN CALIFORNIA REGION,KAISER FOUNDATION RESEARCH INSTITUTE - SOUTHERN CALIFORNIA REGION,KAISER FOUNDATION RESEARCH INSTITUTE - SOUTHERN CALIFORNIA REGION
KANSAS STATE UNIVERSITY,KANSAS STATE UNIVERSITY,KANSAS STATE UNIVERSITY
KARMANOS CANCER INSTITUTE,,RELEVANT INSTITUTION NOT IN AGREEMENTS
KENNEDY KRIEGER RESEARCH INSTITUTE,"KENNEDY KRIEGER RESEARCH INSTITUTE, INC.","KENNEDY KRIEGER RESEARCH INSTITUTE, INC."
KENT STATE UNIVERSITY AT KENT,KENT STATE UNIVERSITY,KENT STATE UNIVERSITY
KENYON COLLEGE,KENYON COLLEGE,KENYON COLLEGE
KIRKSVILLE COLLEGE OF OSTEOPATHIC MEDICINE,KIRKSVILLE COLLEGE OF OSTEOPATHIC MEDICINE,KIRKSVILLE COLLEGE OF OSTEOPATHIC MEDICINE
KLINE INSTITUTE FOR PSYCHIATRIC RESEARCH,KLINE RESEARCH CENTER,"RESEARCH FOUNDATION FOR MENTAL HYGIENE, INC."
KUAKINI MEDICAL CENTER,KUAKINI MEDICAL CENTER,KUAKINI MEDICAL CENTER
LA JOLLA BIOENGINEERING INSTITUTE,LA JOLLA BIOENGINEERING INSTITUTE,LA JOLLA BIOENGINEERING INSTITUTE
LA JOLLA INSTITUTE,,RELEVANT INSTITUTION NOT IN AGREEMENTS
LA JOLLA INSTITUTE FOR ALLERGY & IMMUNOLOGY,LA JOLLA INSTITUTE FOR ALLERGY AND IMMUNOLOGY,LA JOLLA INSTITUTE FOR ALLERGY AND IMMUNOLOGY
LA JOLLA INSTITUTE FOR MOLECULAR MEDICINE,LA JOLLA INSTITUTE FOR MOLECULAR MEDICINE,LA JOLLA INSTITUTE FOR MOLECULAR MEDICINE
LAHEY CLINIC,LAHEY CLINIC,LAHEY CLINIC
LANKENAU INSTITUTE FOR MEDICAL RESEARCH,"LANKENAU INSTITUTE FOR MEDICAL RESEARCH, INC","LANKENAU INSTITUTE FOR MEDICAL RESEARCH, INC"
LANTERMAN STATE HOSPITAL AND DEVELOPMENT CENTER,,RELEVANT INSTITUTION NOT IN AGREEMENTS
LDS HOSPITAL,LDS HOSPITAL,LDS HOSPITAL
LEGACY EMANUEL HOSPITAL AND HEALTH CENTER,LEGACY EMANUEL HOSPITAL AND HEALTH CENTER,LEGACY EMANUEL HOSPITAL AND HEALTH CENTER
LEHIGH UNIVERSITY,LEHIGH UNIVERSITY,LEHIGH UNIVERSITY
LEHIGH UNIVERSITY,LEIGH HIGH UNIVERSITY,LEIGH HIGH UNIVERSITY
LIGHTHOUSE INTERNATIONAL,LIGHTHOUSE INTERNATIONAL,LIGHTHOUSE INTERNATIONAL
LINUS PAULING INSTITUTE,,RELEVANT INSTITUTION NOT IN AGREEMENTS
LOMA LINDA UNIVERSITY,LOMA LINDA UNIVERSITY,LOMA LINDA UNIVERSITY
LOMA LINDA VETERANS ASSOCIATION FOR RESEARCH EDUCATION,,RELEVANT INSTITUTION NOT IN AGREEMENTS
LONG BEACH MEMORIAL MEDICAL CENTER,,RELEVANT INSTITUTION NOT IN AGREEMENTS
LOS ANGELES BIOMEDICAL RESEARCH INSTITUTE (HARBOR UCLA MEDICAL CENTER),LOS ANGELES BIOMEDICAL RESEARCH INSTITUTE,LOS ANGELES BIOMEDICAL RESEARCH INSTITUTE
LOS ANGELES COUNTY - HARBOR-UCLA MEDICAL CENTER,,RELEVANT INSTITUTION NOT IN AGREEMENTS
LOS ANGELES COUNTY - UNIVERSITY OF SOUTHERN CALIFORNIA MEDICAL CENTER,,RELEVANT INSTITUTION NOT IN AGREEMENTS
LOUISIANA STATE UNIVERSITY AGRICULTURAL AND MECHANICAL COLLEGE AT BATON ROUGE,LOUISIANA STATE UNIVERSITY,LOUISIANA STATE UNIVERSITY
LOUISIANA STATE UNIVERSITY AT SHREVEPORT,LOUISIANA STATE UNIVERSITY AT SHREVEPORT CAMPUS,LOUISIANA STATE UNIVERSITY AT SHREVEPORT CAMPUS
LOUISIANA STATE UNIVERSITY HEALTH SCIENCES CENTER AT NEW ORLEANS,LOUISIANA STATE UNIVERSITY HEALTH SCIENCES CENTER AT NEW ORLEANS,LOUISIANA STATE UNIVERSITY HEALTH SCIENCES CENTER AT NEW ORLEANS
LOUISIANA STATE UNIVERSITY HEALTH SCIENCES CENTER AT NEW ORLEANS,LOUISIANA STATE UNIVERSITY MEDICAL CENTER,LOUISIANA STATE UNIVERSITY MEDICAL CENTER
LOUISIANA STATE UNIVERSITY HEALTH SCIENCES CENTER AT SHREVEPORT,LOUISIANA STATE UNIVERSITY HEALTH SCIENCES CENTER AT SHREVEPORT,LOUISIANA STATE UNIVERSITY HEALTH SCIENCES CENTER AT SHREVEPORT
LOUISIANA STATE UNIVERSITY PENNINGTON BIOMEDICAL RESEARCH CENTER,,RELEVANT INSTITUTION NOT IN AGREEMENTS
LOUISIANA TECH UNIVERSITY,LOUISIANA TECH UNIVERSITY,LOUISIANA TECH UNIVERSITY
LOVELACE BIOMEDICAL AND ENVIRONMENTAL RESEARCH,,RELEVANT INSTITUTION NOT IN AGREEMENTS
LOVELACE RESPIRATORY RESEARCH INSTITUTE,,RELEVANT INSTITUTION NOT IN AGREEMENTS
LOYOLA UNIVERSITY IN NEW ORLEANS,LOYOLA UNIVERSITY,LOYOLA UNIVERSITY
LOYOLA UNIVERSITY MEDICAL CENTER,LOYOLA UNIVERSITY OF CHICAGO,LOYOLA UNIVERSITY OF CHICAGO
LUCILE SALTER PACKARD CHILDRENS HOSPITAL AT STANFORD,,RELEVANT INSTITUTION NOT IN AGREEMENTS
LUDWIG INSTITUTE FOR CANCER RESEARCH,LUDWIG INSTITUTE FOR CANCER RESEARCH,LUDWIG INSTITUTE FOR CANCER RESEARCH
MACALESTER COLLEGE,MACALESTER COLLEGE,MACALESTER COLLEGE
MADLYN AND LEONARD ABRAMSON CENTER FOR JEWISH LIFE,MADLYN AND LEONARD ABRAMSON CENTER FOR JEWISH LIFE,MADLYN AND LEONARD ABRAMSON CENTER FOR JEWISH LIFE
MAGEE-WOMENS HEALTH CORPORATION,,RELEVANT INSTITUTION NOT IN AGREEMENTS
MAHARISHI UNIVERSITY OF MANAGEMENT,MAHARISHI UNIVERSITY OF MANAGEMENT,MAHARISHI UNIVERSITY OF MANAGEMENT
MAIMONIDES MEDICAL CENTER,MAIMONIDES MEDICAL CENTER,MAIMONIDES MEDICAL CENTER
MAINE MEDICAL CENTER,MAINE MEDICAL CENTER,MAINE MEDICAL CENTER
MALLORY INSTITUTE OF PATHOLOGY,,RELEVANT INSTITUTION NOT IN AGREEMENTS
MANHATTAN COLLEGE,MANHATTAN COLLEGE,MANHATTAN COLLEGE
MARINE BIOLOGICAL LABORATORY,MARINE BIOLOGICAL LABORATORY,MARINE BIOLOGICAL LABORATORY
MARQUETTE UNIVERSITY,MARQUETTE UNIVERSITY,MARQUETTE UNIVERSITY
MARSHALL UNIVERSITY,MARSHALL UNIVERSITY,MARSHALL UNIVERSITY
MARSHFIELD CLINIC RESEARCH FOUNDATION,MARSHFIELD CLINIC RESEARCH FOUNDATION,MARSHFIELD CLINIC RESEARCH FOUNDATION
MARY IMOGENE BASSETT HOSPITAL,BASSETT HEALTHCARE,BASSETT HEALTHCARE
"MARYLAND MEDICAL RESEARCH INSTITUTE, INC","MARYLAND MEDICAL RESEARCH INSTITUTE, INC.","MARYLAND MEDICAL RESEARCH INSTITUTE, INC."
MASONIC MEDICAL RESEARCH LABORATORY,MASONIC MEDICAL RESEARCH LABORATORY,MASONIC MEDICAL RESEARCH LABORATORY
MASSACHUSETTS COLLEGE OF PHARMACY AND HEALTH SCIENCES,MASS COLLEGE OF PHARMACY AND ALLIED HEALTH SERVICE,MASS COLLEGE OF PHARMACY AND ALLIED HEALTH SERVICE
MASSACHUSETTS COLLEGE OF PHARMACY AND HEALTH SCIENCES,MASSACHUSETTS COLLEGE OF PHARMACY AND HEALTH SCIENCES,MASSACHUSETTS COLLEGE OF PHARMACY AND HEALTH SCIENCES
MASSACHUSETTS EYE AND EAR INFIRMARY,MASSACHUSETTS EYE AND EAR INFIRMARY,MASSACHUSETTS EYE AND EAR INFIRMARY
MASSACHUSETTS GENERAL HOSPITAL,MASSACHUSETTS GENERAL HOSPITAL,MASSACHUSETTS GENERAL HOSPITAL
MASSACHUSETTS INSTITUTE OF TECHNOLOGY,MASSACHUSETTS INSTITUTE OF TECHNOLOGY,MASSACHUSETTS INSTITUTE OF TECHNOLOGY
MASSACHUSETTS INSTITUTE OF TECHNOLOGY,MASSACHUSETTS INSTITUTE OF TECHNOLOGY (CORRECTED COPY),MASSACHUSETTS INSTITUTE OF TECHNOLOGY (CORRECTED COPY)
MASSACHUSETTS INSTITUTE OF TECHNOLOGY,MASSACHUSETTSETTS INSTITUTE OF TECHNOLOGY,MASSACHUSETTSETTS INSTITUTE OF TECHNOLOGY
MASSACHUSETTS MENTAL HEALTH CENTER,MASSACHUSETTS MENTAL HEALTH RESEARCH CORPORATION,MASSACHUSETTS MENTAL HEALTH RESEARCH CORPORATION
MAYO CLINIC COLLEGE OF MEDICINE,MAYO CLINIC ROCHESTER,MAYO CLINIC ROCHESTER
MAYO CLINIC COLLEGE OF MEDICINE (ARIZONA),MAYO CLINIC ARIZONA,MAYO CLINIC ARIZONA
MAYO CLINIC COLLEGE OF MEDICINE (FLORIDA),MAYO CLINIC JACKSONVILLE,MAYO CLINIC JACKSONVILLE
MCLAUGHLIN RESEARCH INSTITUTE,MCLAUGHLIN RESEARCH INSTITUTE,MCLAUGHLIN RESEARCH INSTITUTE
MCLEAN HOSPITAL,MCLEAN HOSPITAL,MCLEAN HOSPITAL
MEDICAL BIOLOGY INSTITUTE,,RELEVANT INSTITUTION NOT IN AGREEMENTS
MEDICAL COLLEGE OF GEORGIA,MEDICAL COLLEGE OF GEORGIA,MEDICAL COLLEGE OF GEORGIA
MEDICAL COLLEGE OF WISCONSIN,MEDICAL COLLEGE OF WISCONSIN,MEDICAL COLLEGE OF WISCONSIN
MEDICAL UNIVERSITY OF SOUTH CAROLINA,MEDICAL UNIVERSITY OF SOUTH CAROLINA,MEDICAL UNIVERSITY OF SOUTH CAROLINA
MEDLANTIC RESEARCH INSTITUTE,MEDSTAR RESEARCH INSTITUTE,MEDSTAR RESEARCH INSTITUTE
MEHARRY MEDICAL COLLEGE,MEHARRY MEDICAL COLLEGE,MEHARRY MEDICAL COLLEGE
MEMORIAL HOSPITAL OF RHODE ISLAND,MEMORIAL HOSPITAL OF RHODE ISLAND,MEMORIAL HOSPITAL OF RHODE ISLAND
MEMORIAL SLOAN KETTERING CANCER CENTER,SLOAN-KETTERING INSTITUTE FOR CANCER RESEARCH,SLOAN-KETTERING INSTITUTE FOR CANCER RESEARCH
MENNINGER FOUNDATION,,RELEVANT INSTITUTION NOT IN AGREEMENTS
MENORAH PARK CENTER FOR AGING,MENORAH PARK CENTER FOR AGING,MENORAH PARK CENTER FOR AGING
MERCER UNIVERSITY AT MACON,MERCER UNIVERSITY,MERCER UNIVERSITY
MERCY CATHOLIC MEDICAL CENTER,,RELEVANT INSTITUTION NOT IN AGREEMENTS
MERCY HOSPITAL AND MEDICAL CENTER (CHICAGO),,RELEVANT INSTITUTION NOT IN AGREEMENTS
METROHEALTH MEDICAL CENTER,METROHEALTH MEDICAL CENTER,CASE WESTERN RESERVE UNIVERSITY
METROHEALTH MEDICAL CENTER,METROHEALTH MEDICAL CENTER,METROHEALTH MEDICAL CENTER
MIAMI UNIVERSITY AT OXFORD,MIAMI UNIVERSITY,MIAMI UNIVERSITY
MICHAEL REESE HOSPITAL AND MEDICAL CENTER,,RELEVANT INSTITUTION NOT IN AGREEMENTS
MICHIGAN STATE UNIVERSITY,MICHIGAN STATE UNIVERSITY,MICHIGAN STATE UNIVERSITY
MICHIGAN TECHNOLOGICAL UNIVERSITY,MICHIGAN TECHNOLOGICAL UNIVERSITY,MICHIGAN TECHNOLOGICAL UNIVERSITY
MIDDLEBURY COLLEGE,MIDDLEBURY COLLEGE,MIDDLEBURY COLLEGE
MINNEAPOLIS MEDICAL RESEARCH FOUNDATION,MINNEAPOLIS MEDICAL RESEARCH FOUNDATION,MINNEAPOLIS MEDICAL RESEARCH FOUNDATION
MIRIAM HOSPITAL,THE MIRIAM,THE MIRIAM
MISSISSIPPI STATE UNIVERSITY,MISSISSIPPI STATE UNIVERSITY,MISSISSIPPI STATE UNIVERSITY
MOLECULAR RESEARCH INSTITUTE,MOLECULAR RESEARCH INSTITUTE,MOLECULAR RESEARCH INSTITUTE
MONELL CHEMICAL SENSES CENTER,MONELL CHEMICAL SENSES CENTER,MONELL CHEMICAL SENSES CENTER
MONTANA STATE UNIVERSITY AT BOZEMAN,MONTANA STATE UNIVERSITY AT BOZEMAN,MONTANA STATE UNIVERSITY AT BOZEMAN
MONTEFIORE HOSPITAL AND MEDICAL CENTER,MONTEFIORE HOSPITAL AND MEDICAL CENTER,MONTEFIORE HOSPITAL AND MEDICAL CENTER
MOREHOUSE COLLEGE,MOREHOUSE COLLEGE,MOREHOUSE COLLEGE
MOREHOUSE SCHOOL OF MEDICINE,MOREHOUSE SCHOOL OF MEDICINE,MOREHOUSE SCHOOL OF MEDICINE
MOSS REHABILITATION HOSPITAL,MOSS REHABILITATION HOSPITAL,ALBERT EINSTEIN HEALTHCARE NETWORK
MOUNT HOLYOKE COLLEGE,MOUNT HOLYOKE COLLEGE,MOUNT HOLYOKE COLLEGE
MOUNT SINAI HOSPITAL (MINNEAPOLIS),,RELEVANT INSTITUTION NOT IN AGREEMENTS
MOUNT SINAI MEDICAL CENTER (MIAMI BEACH),MOUNT SINAI MEDICAL CENTER OF GREATER MIAMI,MOUNT SINAI MEDICAL CENTER OF GREATER MIAMI
MOUNT SINAI SCHOOL OF MEDICINE,MOUNT SINAI SCHOOL OF MEDICINE,MOUNT SINAI SCHOOL OF MEDICINE
MOUNT ZION HOSPITAL AND MEDICAL CENTER,,RELEVANT INSTITUTION NOT IN AGREEMENTS
NARROWS INSTITUTE FOR BIOMEDICAL RESEARCH INC,"NARROWS INSTITUTE FOR BIOMEDICAL RESEARCH, INC.","NARROWS INSTITUTE FOR BIOMEDICAL RESEARCH, INC."
NASSAU UNIVERSITY MEDICAL CENTER,,RELEVANT INSTITUTION NOT IN AGREEMENTS
NATIONAL BIOMEDICAL RESEARCH FOUNDATION,"NATIONAL BIOMEDICAL RESEARCH FOUNDATION, INC.","NATIONAL BIOMEDICAL RESEARCH FOUNDATION, INC."
NATIONAL BUREAU OF ECONOMIC RESEARCH,,RELEVANT INSTITUTION NOT IN AGREEMENTS
NATIONAL CENTER ON ADDICTION AND SUBSTANCE ABUSE AT COLUMBIA UNIVERSITY,NATIONAL CENTER ON ADDICTION AND SUBSTANCE ABUSE AT COLUMBIA UNIVERSITY,NATIONAL CENTER ON ADDICTION AND SUBSTANCE ABUSE AT COLUMBIA UNIVERSITY
NATIONAL DEVELOPMENT AND RESEARCH INSTITUTES,"NATIONAL DEVELOPMENT AND RESEARCH INSTITUTES, INC.","NATIONAL DEVELOPMENT AND RESEARCH INSTITUTES, INC."
NATIONAL JEWISH MEDICAL AND RESEARCH CENTER,NATIONAL JEWISH MEDICAL AND RESEARCH CENTER,NATIONAL JEWISH MEDICAL AND RESEARCH CENTER
NATIONAL OPINION RESEARCH CENTER,NATIONAL OPINION RESEARCH CENTER,NATIONAL OPINION RESEARCH CENTER
NATIONAL POLYTECHNIC INSTITUTE,,RELEVANT INSTITUTION NOT IN AGREEMENTS
NAYLOR DANA INSTITUTE FOR DISEASE PREVENTION,,RELEVANT INSTITUTION NOT IN AGREEMENTS
NEMOURS FOUNDATION,NEMOURS FOUNDATION,NEMOURS FOUNDATION
NEUROPSYCHIATRIC RESEARCH INSTITUTE,NEUROPSYCHIATRIC RESEARCH INSTITUTE,NEUROPSYCHIATRIC RESEARCH INSTITUTE
NEW ENGLAND COLLEGE OF OPTOMETRY,NEW ENGLAND COLLEGE OF OPTOMETRY,NEW ENGLAND COLLEGE OF OPTOMETRY
NEW ENGLAND DEACONESS HOSPITAL,,RELEVANT INSTITUTION NOT IN AGREEMENTS
"NEW ENGLAND RESEARCH INSTITUTES, INC.",,RELEVANT INSTITUTION NOT IN AGREEMENTS
NEW JERSEY INSTITUTE OF TECHNOLOGY,NEW JERSEY INSTITUTE OF TECHNOLOGY,NEW JERSEY INSTITUTE OF TECHNOLOGY
NEW MEXICO HIGHLANDS UNIVERSITY,NEW MEXICO HIGHLANDS UNIVERSITY,NEW MEXICO HIGHLANDS UNIVERSITY
NEW MEXICO STATE UNIVERSITY AT LAS CRUCES,NEW MEXICO STATE UNIVERSITY,NEW MEXICO STATE UNIVERSITY
NEW YORK BLOOD CENTER,"NEW YORK BLOOD CENTER, INC.","NEW YORK BLOOD CENTER, INC."
NEW YORK INSTITUTE OF TECHNOLOGY,NEW YORK INSTITUTE OF TECHNOLOGY,NEW YORK INSTITUTE OF TECHNOLOGY
NEW YORK MEDICAL COLLEGE,NEW YORK MEDICAL COLLEGE,NEW YORK MEDICAL COLLEGE
NEW YORK STATE PSYCHIATRIC INSTITUTE,NEW YORK PSYCHIATRIC INSTITUTE,"RESEARCH FOUNDATION FOR MENTAL HYGIENE, INC."
NEW YORK UNIVERSITY,NEW YORK UNIVERSITY,NEW YORK UNIVERSITY
NEW YORK UNIVERSITY MEDICAL CENTER,NEW YORK UNIVERSITY MEDICAL CENTER,NEW YORK UNIVERSITY MEDICAL CENTER
NEW YORK UNIVERSITY MEDICAL CENTER,NEW YORK UNIVERSITY SCHOOL OF MEDICINE,NEW YORK UNIVERSITY MEDICAL CENTER
NEW YORK UNIVERSITY MEDICAL CENTER,NEW YORK UNIVERSITY SCHOOL OF MEDICINE,NEW YORK UNIVERSITY SCHOOL OF MEDICINE
NEW YORK UNIVERSITY TANDON SCHOOL OF ENGINEERING,POLYTECHNIC UNIVERSITY,POLYTECHNIC UNIVERSITY
NEWARK BETH ISRAEL MEDICAL CENTER,NEWARK BETH ISRAEL MEDICAL CENTER,NEWARK BETH ISRAEL MEDICAL CENTER
NORTH CAROLINA CENTRAL UNIVERSITY,NORTH CAROLINA CENTRAL UNIVERSITY,NORTH CAROLINA CENTRAL UNIVERSITY
NORTH CAROLINA STATE UNIVERSITY AT RALEIGH,NORTH CAROLINA STATE UNIVERSITY,NORTH CAROLINA STATE UNIVERSITY
"NORTH CHARLES MENTAL HEALTH RESEARCH AND TRAINING FOUNDATION, INC.","NORTH CHARLES MENTAL HEALTH RESEARCH AND TRAINING FOUNDATION, INC.","NORTH CHARLES MENTAL HEALTH RESEARCH AND TRAINING FOUNDATION, INC."
NORTH DAKOTA STATE UNIVERSITY,NORTH DAKOTA STATE UNIVERSITY,NORTH DAKOTA STATE UNIVERSITY
NORTH SHORE - LONG ISLAND JEWISH MEDICAL CENTER,NORTH SHIRE LONG ISLAND JEWISH HEALTH SYSTEM,NORTH SHIRE LONG ISLAND JEWISH HEALTH SYSTEM
NORTH SHORE - LONG ISLAND JEWISH MEDICAL CENTER,NORTH SHORE - LONG ISLAND JEWISH HEALTH SYSTEM,NORTH SHORE - LONG ISLAND JEWISH HEALTH SYSTEM
NORTH SHORE UNIVERSITY HOSPITAL,,RELEVANT INSTITUTION NOT IN AGREEMENTS
NORTHEASTERN OHIO UNIVERSITY COLLEGE OF MEDICINE,NORTHEASTERN OHIO UNIVERSITY COLLEGE OF MEDICINE,NORTHEASTERN OHIO UNIVERSITY COLLEGE OF MEDICINE
NORTHEASTERN UNIVERSITY,NORTHEASTERN UNIVERSITY,NORTHEASTERN UNIVERSITY
NORTHERN ARIZONA UNIVERSITY,NORTHERN ARIZONA UNIVERSITY,NORTHERN ARIZONA UNIVERSITY
NORTHERN CALIFORNIA CANCER CENTER,NORTHERN CALIFORNIA CANCER CENTER,NORTHERN CALIFORNIA CANCER CENTER
NORTHERN CALIFORNIA INSTITUTE FOR RESEARCH AND EDUCATION,NORTHERN CALIFORNIA INSTITUTE FOR RESEARCH AND EDUCATION,NORTHERN CALIFORNIA INSTITUTE FOR RESEARCH AND EDUCATION
NORTHERN ILLINOIS UNIVERSITY,NORTHERN ILLINOIS UNIVERSITY,NORTHERN ILLINOIS UNIVERSITY
NORTHWESTERN MEMORIAL HOSPITAL,,RELEVANT INSTITUTION NOT IN AGREEMENTS
NORTHWESTERN UNIVERSITY,NORTHWESTERN UNIVERSITY,NORTHWESTERN UNIVERSITY
NOVA SOUTHEASTERN UNIVERSITY,NOVA SOUTHEASTERN UNIVERSITY,NOVA SOUTHEASTERN UNIVERSITY
OAKLAND UNIVERSITY,OAKLAND UNIVERSITY,OAKLAND UNIVERSITY
OBERLIN COLLEGE,OBERLIN COLLEGE,OBERLIN COLLEGE
OCHSNER CLINIC FOUNDATION,OCHSNER CLINIC FOUNDATION,OCHSNER CLINIC FOUNDATION
OHIO STATE UNIVERSITY,OHIO STATE UNIVERSITY,OHIO STATE UNIVERSITY
OHIO UNIVERSITY AT ATHENS,OHIO UNIVERSITY,OHIO UNIVERSITY
OKLAHOMA MEDICAL RESEARCH FOUNDATION,OKLAHOMA MEDICAL RESEARCH FOUNDATION,OKLAHOMA MEDICAL RESEARCH FOUNDATION
OKLAHOMA STATE UNIVERSITY AT STILLWATER,OKLAHOMA STATE UNIVERSITY AT STILLWATER,OKLAHOMA STATE UNIVERSITY
OKLAHOMA STATE UNIVERSITY CENTER FOR HEALTH SCIENCES,OKLAHOMA STATE UNIVERSITY CENTER FOR HEALTH SCIENCES,OKLAHOMA STATE UNIVERSITY
OLD DOMINION UNIVERSITY,OLD DOMINION UNIVERSITY,OLD DOMINION UNIVERSITY
OLD DOMINION UNIVERSITY,OLD DOMINION UNIVERSITY RESEARCH FOUNDATION,OLD DOMINION UNIVERSITY RESEARCH FOUNDATION
OLIVE VIEW-UCLA EDUCATION AND RESEARCH INSTITUTE,OLIVE VIEW-UCLA EDUCATION AND RESEARCH INSTITUTE,OLIVE VIEW-UCLA EDUCATION AND RESEARCH INSTITUTE
ORAL ROBERTS UNIVERSITY,ORAL ROBERTS UNIVERSITY,ORAL ROBERTS UNIVERSITY
OREGON GRADUATE INSTITUTE OF SCIENCE AND TECHNOLOGY,OREGON GRADUATE INSTITUTE OF SCIENCE AND TECHNOLOGY,OREGON GRADUATE INSTITUTE OF SCIENCE AND TECHNOLOGY
OREGON HEALTH AND SCIENCE UNIVERSITY,OREGON HEALTH AND SCIENCE UNIVERSITY,OREGON HEALTH AND SCIENCE UNIVERSITY
OREGON HEALTH AND SCIENCE UNIVERSITY,OREGON HEALTH SCIENCES UNIVERSITY,OREGON HEALTH SCIENCES UNIVERSITY
OREGON NATIONAL PRIMATE RESEARCH CENTER,OREGON NATIONAL PRIMATE RESEARCH CENTER,OREGON HEALTH AND SCIENCE UNIVERSITY
OREGON NATIONAL PRIMATE RESEARCH CENTER,OREGON NATIONAL PRIMATE RESEARCH CENTER,OREGON HEALTH SCIENCES UNIVERSITY
OREGON RESEARCH INSTITUTE,OREGON RESEARCH INSTITUTE,OREGON RESEARCH INSTITUTE
"OREGON SOCIAL LEARNING CENTER, INC.",OREGON SOCIAL LEARNING CENTER,OREGON SOCIAL LEARNING CENTER
OREGON STATE UNIVERSITY,OREGON STATE UNIVERSITY,OREGON STATE UNIVERSITY
PACIFIC INSTITUTE FOR RESEARCH AND EVALUATION,PACIFIC INSTITUTE FOR RESEARCH AND EVALUATION,PACIFIC INSTITUTE FOR RESEARCH AND EVALUATION
PACIFIC NORTHWEST RESEARCH INSTITUTE,PACIFIC NORTHWEST RESEARCH INSTITUTE,PACIFIC NORTHWEST RESEARCH INSTITUTE
"PALO ALTO INSTITUTE FOR RESEARCH AND EDUCATION, INC.","PALO ALTO INSTITUTE FOR RESEARCH AND EDUCATION, INC.","PALO ALTO INSTITUTE FOR RESEARCH AND EDUCATION, INC."
PALO ALTO MEDICAL FOUNDATION,PALO ALTO MEDICAL FOUNDATION,PALO ALTO MEDICAL FOUNDATION
PAPANICOLAOU CANCER RESEARCH INSTITUTE,,RELEVANT INSTITUTION NOT IN AGREEMENTS
PARK NICOLLET INSTITUTE,PARK NICOLLET INSTITUTE,PARK NICOLLET INSTITUTE
PENNSYLVANIA COLLEGE OF OPTOMETRY,PENNSYLVANIA COLLEGE OF OPTOMETRY,PENNSYLVANIA COLLEGE OF OPTOMETRY
PENNSYLVANIA HOSPITAL (PHILADELPHIA),,RELEVANT INSTITUTION NOT IN AGREEMENTS
PENNSYLVANIA STATE UNIVERSITY AT UNIVERSITY PARK,PENNSYLVANIA STATE UNIVERSITY,PENNSYLVANIA STATE UNIVERSITY
PENNSYLVANIA STATE UNIVERSITY AT UNIVERSITY PARK,THE PENNSYLVANIA STATE UNIVERSITY,THE PENNSYLVANIA STATE UNIVERSITY
PENNSYLVANIA STATE UNIVERSITY HERSHEY MEDICAL CENTER,HERSHEY MEDICAL CENTER,PENNSYLVANIA STATE UNIVERSITY
PENNSYLVANIA STATE UNIVERSITY HERSHEY MEDICAL CENTER,HERSHEY MEDICAL CENTER,THE PENNSYLVANIA STATE UNIVERSITY
PHILADELPHIA COLLEGE OF OSTEOPATHIC MEDICINE,PHILADELPHIA COLLEGE OF OSTEOPATHIC MEDICINE,PHILADELPHIA COLLEGE OF OSTEOPATHIC MEDICINE
PICOWER INSTITUTE FOR MEDICAL RESEARCH,,RELEVANT INSTITUTION NOT IN AGREEMENTS
POMONA COLLEGE,POMONA COLLEGE,POMONA COLLEGE
PONCE SCHOOL OF MEDICINE,PONCE SCHOOL OF MEDICINE,PONCE SCHOOL OF MEDICINE
POPULATION COUNCIL,,RELEVANT INSTITUTION NOT IN AGREEMENTS
PORTLAND STATE UNIVERSITY,PORTLAND STATE UNIVERSITY,PORTLAND STATE UNIVERSITY
PRESBYTERIAN MEDICAL CENTER OF PHILADELPHIA,,RELEVANT INSTITUTION NOT IN AGREEMENTS
PRIMARY CHILDRENS MEDICAL CENTER,,RELEVANT INSTITUTION NOT IN AGREEMENTS
PRIMARY HEALTH SYSTEMS - MOUNT SINAI MEDICAL CENTER,,RELEVANT INSTITUTION NOT IN AGREEMENTS
PRINCETON UNIVERSITY,PRINCETON UNIVERSITY,PRINCETON UNIVERSITY
"PROVIDENCE MEDICAL CENTER (SEATTLE, WA)",,RELEVANT INSTITUTION NOT IN AGREEMENTS
PROVIDENCE PORTLAND MEDICAL CENTER,PROVIDENCE MEDICAL CENTER,PROVIDENCE MEDICAL CENTER
PUBLIC HEALTH FOUNDATION ENTERPRISES,"PUBLIC HEALTH FOUNDATION ENTERPRISES, INC.","PUBLIC HEALTH FOUNDATION ENTERPRISES, INC."
PUBLIC HEALTH INSTITUTE,PUBLIC HEALTH INSTITUTE,PUBLIC HEALTH INSTITUTE
PUBLIC HEALTH RESEARCH INSTITUTE OF THE CITY OF NEW YORK,PUBLIC HEALTH RESEARCH INSTITUTE,PUBLIC HEALTH RESEARCH INSTITUTE
PUGET SOUND BLOOD CENTER,PUGET SOUND BLOOD CENTER,PUGET SOUND BLOOD CENTER
PURDUE UNIVERSITY AT WEST LAFAYETTE,PURDUE UNIVERSITY,PURDUE UNIVERSITY
RALPH K. DAVIES MEDICAL CENTER - FRANKLIN HOSPITAL,,RELEVANT INSTITUTION NOT IN AGREEMENTS
RANCHO LOS AMIGOS MEDICAL CENTER,,RELEVANT INSTITUTION NOT IN AGREEMENTS
RAND CORPORATION,,RELEVANT INSTITUTION NOT IN AGREEMENTS
REED COLLEGE,REED COLLEGE,REED COLLEGE
REHABILITATION INSTITUTE OF CHICAGO,REHABILITATION INSTITUTE RESEARCH CORPORATION,REHABILITATION INSTITUTE RESEARCH CORPORATION
RENSSELAER POLYTECHNIC INSTITUTE,RENSSELAER POLYTECHNIC INSTITUTE,RENSSELAER POLYTECHNIC INSTITUTE
RESEARCH TRIANGLE INSTITUTE,,RELEVANT INSTITUTION NOT IN AGREEMENTS
RESOURCE DEVELOPMENT INSTITUTE,,RELEVANT INSTITUTION NOT IN AGREEMENTS
RETINA FOUNDATION OF THE SOUTHWEST,RETINA FOUNDATION OF THE SOUTHWEST,RETINA FOUNDATION OF THE SOUTHWEST
RHODE ISLAND HOSPITAL,RHODE ISLAND HOSPITAL/LIFESPAN,RHODE ISLAND HOSPITAL/LIFESPAN
RICE UNIVERSITY,RICE UNIVERSITY,RICE UNIVERSITY
RIVERSIDE RESEARCH INSTITUTE,RIVERSIDE RESEARCH INSTITUTE,RIVERSIDE RESEARCH INSTITUTE
ROCHESTER GENERAL HOSPITAL (NY),,RELEVANT INSTITUTION NOT IN AGREEMENTS
ROCKEFELLER UNIVERSITY,ROCKEFELLER UNIVERSITY,ROCKEFELLER UNIVERSITY
ROCKEFELLER UNIVERSITY,ROCKEFELLER UNIVERSITY HOSPITAL,ROCKEFELLER UNIVERSITY HOSPITAL
ROGER WILLIAMS HOSPITAL,ROGER WILLIAMS HOSPITAL,ROGER WILLIAMS HOSPITAL
ROSALIND FRANKLIN UNIVERSITY OF MEDICINE AND SCIENCE,ROSALIND FRANKLIN UNIVERSITY OF MEDICINE AND SCIENCE,ROSALIND FRANKLIN UNIVERSITY OF MEDICINE AND SCIENCE
ROSALIND FRANKLIN UNIVERSITY OF MEDICINE AND SCIENCE,UNIVERSITY OF HEALTH SCIENCES/CHICAGO MEDICAL SCHOOL,UNIVERSITY OF HEALTH SCIENCES/CHICAGO MEDICAL SCHOOL
ROSWELL PARK CANCER INSTITUTE,ROSWELL PARK CANCER INSTITUTE,"HEALTH RESEARCH, INC."
RUSH UNIVERSITY MEDICAL CENTER,RUSH UNIVERSITY MEDICAL CENTER,RUSH UNIVERSITY MEDICAL CENTER
RUTGERS UNIVERSITY AT CAMDEN,,RELEVANT INSTITUTION NOT IN AGREEMENTS
RUTGERS UNIVERSITY AT NEW BRUNSWICK,RUTGERS UNIVERSITY,RUTGERS UNIVERSITY
RUTGERS UNIVERSITY AT NEWARK,,RELEVANT INSTITUTION NOT IN AGREEMENTS
SAINT CHRISTOPHERS HOSPITAL FOR CHILDREN (PHILADELPHIA),,RELEVANT INSTITUTION NOT IN AGREEMENTS
SAINT ELIZABETHS MEDICAL CENTER OF BOSTON,ST. ELIZABETH'S MEDICAL CENTER OF BOSTON,ST. ELIZABETH'S MEDICAL CENTER OF BOSTON
SAINT FRANCIS HOSPITAL AND MEDICAL CENTER,SAINT FRANCIS HOSPITAL AND MEDICAL CENTER,SAINT FRANCIS HOSPITAL AND MEDICAL CENTER
SAINT JOHNS UNIVERSITY (QUEENS),ST. JOHN'S UNIVERSITY,ST. JOHN'S UNIVERSITY
"SAINT JOSEPHS HOSPITAL (PHILADELPHIA, PA)",,RELEVANT INSTITUTION NOT IN AGREEMENTS
SAINT JOSEPHS HOSPITAL AND MEDICAL CENTER (PHOENIX),ST. JOSEPH'S HOSPITAL AND MEDICAL CENTER,ST. JOSEPH'S HOSPITAL AND MEDICAL CENTER
SAINT JUDE CHILDRENS RESEARCH HOSPITAL,SAINT JUDE CHILDREN'S RESEARCH HOSPITAL,SAINT JUDE CHILDREN'S RESEARCH HOSPITAL
SAINT LOUIS UNIVERSITY,ST. LOUIS UNIVERSITY,ST. LOUIS UNIVERSITY
SAINT LUKE'S HOSPITAL OF KANSAS CITY,,RELEVANT INSTITUTION NOT IN AGREEMENTS
"SAINT LUKES MEDICAL CENTER (CLEVELAND, OH)",,RELEVANT INSTITUTION NOT IN AGREEMENTS
SAINT LUKES-ROOSEVELT HOSPITAL CENTER,ST. LUKE'S ROOSEVELT HOSPITAL CENTER,ST. LUKE'S ROOSEVELT HOSPITAL CENTER
"SAINT VINCENT HOSPITAL (WORCESTER, MA)",,RELEVANT INSTITUTION NOT IN AGREEMENTS
SAN DIEGO STATE UNIVERSITY,SAN DIEGO STATE UNIVERSITY FOUNDATION,SAN DIEGO STATE UNIVERSITY FOUNDATION
SAN FRANCISCO GENERAL HOSPITAL MEDICAL CENTER,,RELEVANT INSTITUTION NOT IN AGREEMENTS
SAN FRANCISCO STATE UNIVERSITY,SAN FRANCISCO STATE UNIVERSITY,SAN FRANCISCO STATE UNIVERSITY
SAN JOSE STATE UNIVERSITY,SAN JOSE STATE UNIVERSITY AND THE FOUNDATION,SAN JOSE STATE UNIVERSITY AND THE FOUNDATION
SANTA CLARA VALLEY MEDICAL CENTER,,RELEVANT INSTITUTION NOT IN AGREEMENTS
SCHEPENS EYE RESEARCH INSTITUTE,"SCHEPENS EYE RESEARCH INSTITUTE, INC.","SCHEPENS EYE RESEARCH INSTITUTE, INC."
SCIENTIFIC ANALYSIS CORPORATION,SCIENTIFIC ANALYSIS CORPORATION,SCIENTIFIC ANALYSIS CORPORATION
SCOTT AND WHITE MEMORIAL HOSPITAL,SCOTT AND WHITE MEMORIAL HOSPITAL,SCOTT AND WHITE MEMORIAL HOSPITAL
SCRIPPS RESEARCH INSTITUTE - CALIFORNIA,SCRIPPS RESEARCH INSTITUTE - CALIFORNIA,SCRIPPS RESEARCH INSTITUTE
SCRIPPS RESEARCH INSTITUTE - FLORIDA,SCRIPPS RESEARCH INSTITUTE - FLORIDA,SCRIPPS RESEARCH INSTITUTE
SEATTLE BIOMEDICAL RESEARCH INSTITUTE,SEATTLE BIOMEDICAL RESEARCH INSTITUTE,SEATTLE BIOMEDICAL RESEARCH INSTITUTE
SEATTLE INSTITUTE FOR BIOMEDICAL AND CLINICAL RESEARCH,SEATTLE INSTITUTE FOR BIOMEDICAL AND CLINICAL RESEARCH,SEATTLE INSTITUTE FOR BIOMEDICAL AND CLINICAL RESEARCH
SETON HALL UNIVERSITY,SETON HALL UNIVERSITY,SETON HALL UNIVERSITY
SIDNEY KIMMEL CANCER CENTER,SIDNEY KIMMEL CANCER CENTER,SIDNEY KIMMEL CANCER CENTER
SINAI HOSPITAL OF BALTIMORE,SINAI HOSPITAL OF BALTIMORE,SINAI HOSPITAL OF BALTIMORE
SINAI HOSPITAL OF DETROIT,,RELEVANT INSTITUTION NOT IN AGREEMENTS
"SINAI SAMARITAN MEDICAL CENTER (MILWAUKEE, WI)",,RELEVANT INSTITUTION NOT IN AGREEMENTS
SMITH COLLEGE,SMITH COLLEGE,SMITH COLLEGE
SMITH-KETTLEWELL EYE RESEARCH INSTITUTE,SMITH-KETTLEWELL EYE RESEARCH FOUNDATION,SMITH-KETTLEWELL EYE RESEARCH FOUNDATION
SOUTH DAKOTA STATE UNIVERSITY,SOUTH DAKOTA STATE UNIVERSITY,SOUTH DAKOTA STATE UNIVERSITY
SOUTHERN ILLINOIS UNIVERSITY AT CARBONDALE,SOUTHERN ILLINOIS UNIVERSITY AT CARBONDALE,SOUTHERN ILLINOIS UNIVERSITY AT CARBONDALE
SOUTHERN ILLINOIS UNIVERSITY AT EDWARDSVILLE,SOUTHERN ILLINOIS UNIVERSITY AT EDWARDSVILLE,SOUTHERN ILLINOIS UNIVERSITY AT EDWARDSVILLE
SOUTHERN ILLINOIS UNIVERSITY SCHOOL OF MEDICINE,,RELEVANT INSTITUTION NOT IN AGREEMENTS
SOUTHERN METHODIST UNIVERSITY,SOUTHERN METHODIST UNIVERSITY,SOUTHERN METHODIST UNIVERSITY
SOUTHERN RESEARCH INSTITUTE,,RELEVANT INSTITUTION NOT IN AGREEMENTS
SOUTHWEST FOUNDATION FOR BIOMEDICAL RESEARCH,SOUTHWEST FOUNDATION FOR BIOMEDICAL RESEARCH,SOUTHWEST FOUNDATION FOR BIOMEDICAL RESEARCH
SRI INTERNATIONAL,,RELEVANT INSTITUTION NOT IN AGREEMENTS
ST VINCENT MEDICAL CENTER,ST. VINCENT MERCY MEDICAL CENTER,ST. VINCENT MERCY MEDICAL CENTER
ST. VINCENTS HOSPITAL AND MEDICAL CENTER,ST. VINCENT'S HOSPITAL AND MEDICAL CENTER,ST. VINCENT'S HOSPITAL AND MEDICAL CENTER
STANFORD UNIVERSITY,STANFORD UNIVERSITY,STANFORD UNIVERSITY
STEVENS INSTITUTE OF TECHNOLOGY,STEVENS INSTITUTE OF TECHNOLOGY,STEVENS INSTITUTE OF TECHNOLOGY
STOWERS INSTITUTE FOR MEDICAL RESEARCH,STOWERS INSTITUTE,STOWERS INSTITUTE
SUN HEALTH RESEARCH INSTITUTE,SUN HEALTH RESEARCH INSTITUTE,SUN HEALTH RESEARCH INSTITUTE
SUNY - BUFFALO STATE COLLEGE,SUNY - BUFFALO STATE COLLEGE,SUNY - BUFFALO STATE COLLEGE
SUNY - COLLEGE OF ENVIRONMENTAL SCIENCE AND FORESTRY,SUNY - COLLEGE OF ENVIRONMENTAL SCIENCE AND FORESTRY,SUNY - COLLEGE OF ENVIRONMENTAL SCIENCE AND FORESTRY
SUNY - COLLEGE OF OPTOMETRY,SUNY - COLLEGE OF OPTOMETRY,SUNY - COLLEGE OF OPTOMETRY
SUNY - DOWNSTATE MEDICAL CENTER,SUNY - DOWNSTATE MEDICAL CENTER,SUNY - DOWNSTATE MEDICAL CENTER
SUNY - STATE UNIVERSITY OF NEW YORK AT ALBANY,SUNY - STATE UNIVERSITY OF NEW YORK AT ALBANY,SUNY - STATE UNIVERSITY OF NEW YORK AT ALBANY
SUNY - STATE UNIVERSITY OF NEW YORK AT BINGHAMTON,SUNY - STATE UNIVERSITY OF NEW YORK AT BINGHAMTON,SUNY - STATE UNIVERSITY OF NEW YORK AT BINGHAMTON
SUNY - STATE UNIVERSITY OF NEW YORK AT BROCKPORT,SUNY - STATE UNIVERSITY OF NEW YORK AT BROCKPORT,SUNY - STATE UNIVERSITY OF NEW YORK AT BROCKPORT
SUNY - STATE UNIVERSITY OF NEW YORK AT BUFFALO,SUNY - STATE UNIVERSITY OF NEW YORK AT BUFFALO,SUNY - STATE UNIVERSITY OF NEW YORK AT BUFFALO
SUNY - STATE UNIVERSITY OF NEW YORK AT OSWEGO,SUNY - STATE UNIVERSITY OF NEW YORK AT OSWEGO,SUNY - STATE UNIVERSITY OF NEW YORK AT OSWEGO
SUNY - STATE UNIVERSITY OF NEW YORK AT PLATTSBURG,SUNY - STATE UNIVERSITY OF NEW YORK AT PLATTSBURG,SUNY - STATE UNIVERSITY OF NEW YORK AT PLATTSBURG
SUNY - STATE UNIVERSITY OF NEW YORK AT PURCHASE,SUNY - STATE UNIVERSITY OF NEW YORK AT PURCHASE,SUNY - STATE UNIVERSITY OF NEW YORK AT PURCHASE
SUNY - STATE UNIVERSITY OF NEW YORK AT STONYBROOK,SUNY - STATE UNIVERSITY OF NEW YORK AT STONYBROOK,SUNY - STATE UNIVERSITY OF NEW YORK AT STONYBROOK
SUNY - UPSTATE MEDICAL UNIVERSITY,SUNY - UPSTATE MEDICAL UNIVERSITY,SUNY - UPSTATE MEDICAL UNIVERSITY
SWARTHMORE COLLEGE,SWARTHMORE COLLEGE,SWARTHMORE COLLEGE
"SWEDISH MEDICAL CENTER, FIRST HILL",SWEDISH MEDICAL CENTER,SWEDISH MEDICAL CENTER
SYRACUSE UNIVERSITY,SYRACUSE UNIVERSITY,SYRACUSE UNIVERSITY
TAMPA BAY RESEARCH INSTITUTE,,RELEVANT INSTITUTION NOT IN AGREEMENTS
TEMPLE UNIVERSITY,TEMPLE UNIVERSITY,TEMPLE UNIVERSITY
TEXAS AGRICULTURAL AND MECHANICAL BAYLOR COLLEGE OF DENTISTRY,BAYLOR COLLEGE OF DENTISTRY,BAYLOR COLLEGE OF DENTISTRY
TEXAS AGRICULTURAL AND MECHANICAL UNIVERSITY AGRICULTURAL EXPERIMENT STATION,,RELEVANT INSTITUTION NOT IN AGREEMENTS
TEXAS AGRICULTURAL AND MECHANICAL UNIVERSITY AT COLLEGE STATION,TEXAS AGRICULTURAL AND MECHANICAL UNIVERSITY AT COLLEGE STATION,TEXAS AGRICULTURAL AND MECHANICAL UNIVERSITY AT COLLEGE STATION
TEXAS AGRICULTURAL AND MECHANICAL UNIVERSITY ENGINEERING EXPERIMENT STATION,,RELEVANT INSTITUTION NOT IN AGREEMENTS
TEXAS AGRICULTURAL AND MECHANICAL UNIVERSITY HEALTH SCIENCE CENTER,,RELEVANT INSTITUTION NOT IN AGREEMENTS
TEXAS CENTER FOR INFECTIOUS DISEASE,,RELEVANT INSTITUTION NOT IN AGREEMENTS
TEXAS CHRISTIAN UNIVERSITY,TEXAS CHRISTIAN UNIVERSITY,TEXAS CHRISTIAN UNIVERSITY
TEXAS RESEARCH INSTITUTE OF MENTAL SCIENCES,,RELEVANT INSTITUTION NOT IN AGREEMENTS
TEXAS TECH UNIVERSITY,TEXAS TECH UNIVERSITY,TEXAS TECH UNIVERSITY
TEXAS TECH UNIVERSITY HEALTH SCIENCES CENTER,TEXAS TECH UNIVERSITY HEALTH SCIENCES CENTER,TEXAS TECH UNIVERSITY HEALTH SCIENCES CENTER
TEXAS WOMANS UNIVERSITY,TEXAS WOMAN'S UNIVERSITY,TEXAS WOMAN'S UNIVERSITY
THE ALAN GUTTMACHER INSTITUTE,THE ALAN GUTTMACHER INSTITUTE,THE ALAN GUTTMACHER INSTITUTE
THE APT FOUNDATION,THE APT FOUNDATION,THE APT FOUNDATION
THE BROOKDALE UNIVERSITY HOSPITAL AND MEDICAL CENTER,THE BROOKDALE UNIVERSITY HOSPITAL AND MEDICAL CENTER,THE BROOKDALE UNIVERSITY HOSPITAL AND MEDICAL CENTER
THE BURNHAM INSTITUTE,THE BURNHAM INSTITUTE,THE BURNHAM INSTITUTE
THE COOPER INSTITUTE,THE COOPER INSTITUTE,THE COOPER INSTITUTE
"THE H. LEE MOFFITT CANCER CENTER AND RESEARCH INSTITUTE, INC.","THE H. LEE MOFFITT CANCER CENTER AND RESEARCH INSTITUTE, INC.","THE H. LEE MOFFITT CANCER CENTER AND RESEARCH INSTITUTE, INC."
THE INSTITUTE FOR SYSTEMS BIOLOGY,THE INSTITUTE FOR SYSTEMS BIOLOGY,THE INSTITUTE FOR SYSTEMS BIOLOGY
THE J. DAVID GLADSTONE INSTITUTES,THE J. DAVID GLADSTONE INSTITUTES,THE J. DAVID GLADSTONE INSTITUTES
THE JACKSON LABORATORY,THE JACKSON LABORATORY,THE JACKSON LABORATORY
THE MOUNT DESERT ISLAND BIOLOGICAL LABORATORY,THE MOUNT DESERT ISLAND BIOLOGICAL LABORATORY,THE MOUNT DESERT ISLAND BIOLOGICAL LABORATORY
THE NEW SCHOOL,NEW SCHOOL UNIVERSITY,NEW SCHOOL UNIVERSITY
THE NEW YORK ACADEMY OF MEDICINE,THE NEW YORK ACADEMY OF MEDICINE,THE NEW YORK ACADEMY OF MEDICINE
THE PARKINSONS INSTITUTE,THE PARKINSON'S INSTITUTE,THE PARKINSON'S INSTITUTE
THE QUEENS MEDICAL CENTER,THE QUEEN'S MEDICAL CENTER,THE QUEEN'S MEDICAL CENTER
THE SALK INSTITUTE FOR BIOLOGICAL STUDIES,THE SALK INSTITUTE FOR BIOLOGICAL STUDIES,THE SALK INSTITUTE FOR BIOLOGICAL STUDIES
"THE WINIFRED MASTERSON BURKE MEDICAL RESEARCH INSTITUTE, INC.","THE WINIFRED MASTERSON BURKE MEDICAL RESEARCH INSTITUTE, INC.","THE WINIFRED MASTERSON BURKE MEDICAL RESEARCH INSTITUTE, INC."
THOMAS JEFFERSON UNIVERSITY,THOMAS JEFFERSON UNIVERSITY,THOMAS JEFFERSON UNIVERSITY
TORREY PINES INSTITUTE FOR MOLECULAR STUDIES,TORREY PINES INSTITUTE FOR MOLECULAR STUDIES,TORREY PINES INSTITUTE FOR MOLECULAR STUDIES
TRANSLATIONAL GENOMICS RESEARCH INSTITUTE,TRANSLATIONAL GENOMICS RESEARCH INSTITUTE,TRANSLATIONAL GENOMICS RESEARCH INSTITUTE
"TREATMENT RESEARCH INSTITUTE, INC. (TRI)",TREATMENT RESEARCH INSTITUTE,TREATMENT RESEARCH INSTITUTE
TRINITY COLLEGE (CONNECTICUT),TRINITY COLLEGE - CONNECTICUT,TRINITY COLLEGE - CONNECTICUT
TRINITY UNIVERSITY OF SAN ANTONIO,TRINITY UNIVERSITY OF SAN ANTONIO,TRINITY UNIVERSITY OF SAN ANTONIO
TRUDEAU INSTITUTE INC,"TRUDEAU INSTITUTE, INC.","TRUDEAU INSTITUTE, INC."
TUFTS UNIVERSITY - MEDFORD,TUFTS UNIVERSITY - MEDFORD,TUFTS UNIVERSITY
TUFTS-NEW ENGLAND MEDICAL CENTER,NEW ENGLAND MEDICAL CENTER,NEW ENGLAND MEDICAL CENTER
TUFTS-NEW ENGLAND MEDICAL CENTER,TUFTS-NEW ENGLAND MEDICAL CENTER,TUFTS UNIVERSITY
TULANE UNIVERSITY OF LOUISIANA,TULANE UNIVERSITY,TULANE UNIVERSITY
TUSKEGEE UNIVERSITY,TUSKEGEE UNIVERSITY,TUSKEGEE UNIVERSITY
U.S. UNIFORMED SERVICES UNIVERSITY OF HEALTH SCIENCES,,RELEVANT INSTITUTION NOT IN AGREEMENTS
UMDNJ - ROBERT WOOD JOHNSON MEDICAL SCHOOL,UNIVERSITY OF MEDICINE AND DENTISTRY OF NEW JERSEY,UNIVERSITY OF MEDICINE AND DENTISTRY OF NEW JERSEY
UMPC MAGEE-WOMENS HOSPITAL,MAGEE-WOMENS HEALTH CORPORATION,MAGEE-WOMENS HEALTH CORPORATION
UNION COLLEGE,UNION COLLEGE,UNION COLLEGE
UNIVERSITIES ASSOCIATED FOR RESEARCH AND EDUCATION IN PATHOLOGY,,RELEVANT INSTITUTION NOT IN AGREEMENTS
UNIVERSITY CITY SCIENCE CENTER,UNIVERSITY CITY SCIENCE CENTER,UNIVERSITY CITY SCIENCE CENTER
UNIVERSITY HOSPITALS OF CLEVELAND,UNIVERSITY HOSPITALS OF CLEVELAND,CASE WESTERN RESERVE UNIVERSITY
UNIVERSITY OF AKRON,UNIVERSITY OF AKRON,UNIVERSITY OF AKRON
UNIVERSITY OF ALABAMA AT BIRMINGHAM,UNIVERSITY OF ALABAMA AT BIRMINGHAM,UNIVERSITY OF ALABAMA AT BIRMINGHAM
UNIVERSITY OF ALABAMA AT HUNTSVILLE,UNIVERSITY OF ALABAMA AT HUNTSVILLE,UNIVERSITY OF ALABAMA AT HUNTSVILLE
UNIVERSITY OF ALABAMA AT TUSCALOOSA,UNIVERSITY OF ALABAMA,UNIVERSITY OF ALABAMA
UNIVERSITY OF ALABAMA AT TUSCALOOSA,UNIVERSITY OF ALABAMA AT TUSCALOOSA,UNIVERSITY OF ALABAMA AT TUSCALOOSA
UNIVERSITY OF ALASKA AT ANCHORAGE,UNIVERSITY OF ALASKA AT ANCHORAGE,UNIVERSITY OF ALASKA
UNIVERSITY OF ALASKA AT FAIRBANKS,UNIVERSITY OF ALASKA AT FAIRBANKS,UNIVERSITY OF ALASKA
UNIVERSITY OF ARIZONA,UNIVERSITY OF ARIZONA,UNIVERSITY OF ARIZONA
UNIVERSITY OF ARKANSAS AT FAYETTEVILLE,UNIVERSITY OF ARKANSAS,UNIVERSITY OF ARKANSAS
UNIVERSITY OF ARKANSAS MEDICAL SCIENCES AT LITTLE ROCK,UNIVERSITY OF ARKANSAS FOR MEDICAL SCIENCES,UNIVERSITY OF ARKANSAS FOR MEDICAL SCIENCES
UNIVERSITY OF CALIFORNIA AT BERKELEY,UNIVERSITY OF CALIFORNIA AT BERKELEY,UNIVERSITY OF CALIFORNIA AT BERKELEY
UNIVERSITY OF CALIFORNIA AT DAVIS,UNIVERSITY OF CALIFORNIA AT DAVIS,UNIVERSITY OF CALIFORNIA AT DAVIS
UNIVERSITY OF CALIFORNIA AT IRVINE,UNIVERSITY OF CALIFORNIA AT IRVINE,UNIVERSITY OF CALIFORNIA AT IRVINE
UNIVERSITY OF CALIFORNIA AT LOS ANGELES,UNIVERSITY OF CALIFORNIA AT LOS ANGELES,UNIVERSITY OF CALIFORNIA AT LOS ANGELES
UNIVERSITY OF CALIFORNIA AT RIVERSIDE,UNIVERSITY OF CALIFORNIA AT RIVERSIDE,UNIVERSITY OF CALIFORNIA AT RIVERSIDE
UNIVERSITY OF CALIFORNIA AT SAN DIEGO,UNIVERSITY OF CALIFORNIA AT SAN DIEGO,UNIVERSITY OF CALIFORNIA AT SAN DIEGO
UNIVERSITY OF CALIFORNIA AT SAN FRANCISCO,UNIVERSITY OF CALIFORNIA AT SAN FRANCISCO,UNIVERSITY OF CALIFORNIA AT SAN FRANCISCO
UNIVERSITY OF CALIFORNIA AT SANTA BARBARA,UNIVERSITY OF CALIFORNIA AT SANTA BARBARA,UNIVERSITY OF CALIFORNIA AT SANTA BARBARA
UNIVERSITY OF CALIFORNIA AT SANTA BARBARA,UNIVERSITY OF CALIFORNIA AT SANTA CLARA,UNIVERSITY OF CALIFORNIA AT SANTA CLARA
UNIVERSITY OF CALIFORNIA AT SANTA CRUZ,UNIVERSITY OF CALIFORNIA AT SANTA CRUZ,UNIVERSITY OF CALIFORNIA AT SANTA CRUZ
UNIVERSITY OF CENTRAL FLORIDA,UNIVERSITY OF CENTRAL FLORIDA,UNIVERSITY OF CENTRAL FLORIDA
UNIVERSITY OF CHICAGO,UNIVERSITY OF CHICAGO,UNIVERSITY OF CHICAGO
UNIVERSITY OF CINCINNATI,UNIVERSITY OF CINCINNATI,UNIVERSITY OF CINCINNATI
UNIVERSITY OF COLORADO AT BOULDER,UNIVERSITY OF COLORADO AT BOULDER,UNIVERSITY OF COLORADO AT BOULDER
UNIVERSITY OF COLORADO AT COLORADO SPRINGS,UNIVERSITY OF COLORADO AT COLORADO SPRINGS,UNIVERSITY OF COLORADO AT COLORADO SPRINGS
UNIVERSITY OF COLORADO DENVER HEALTH SCIENCES CENTER,UNIVERSITY OF COLORADO AT DENVER,UNIVERSITY OF COLORADO AT DENVER
UNIVERSITY OF COLORADO DENVER HEALTH SCIENCES CENTER,UNIVERSITY OF COLORADO HEALTH SCIENCES CENTER,UNIVERSITY OF COLORADO HEALTH SCIENCES CENTER
UNIVERSITY OF CONNECTICUT AT STORRS,UNIVERSITY OF CONNECTICUT,UNIVERSITY OF CONNECTICUT
UNIVERSITY OF CONNECTICUT SCHOOL OF MEDICINE AND DENTISTRY,UNIVERSITY OF CONNECTICUT HEALTH CENTER,UNIVERSITY OF CONNECTICUT HEALTH CENTER
UNIVERSITY OF CONNECTICUT SCHOOL OF MEDICINE AND DENTISTRY,UNIVERSITY OF CONNECTICUT SCIENCE HEALTH CENTER,UNIVERSITY OF CONNECTICUT SCIENCE HEALTH CENTER
UNIVERSITY OF DAYTON,UNIVERSITY OF DAYTON,UNIVERSITY OF DAYTON
UNIVERSITY OF DELAWARE,UNIVERSITY OF DELAWARE,UNIVERSITY OF DELAWARE
UNIVERSITY OF DENVER,UNIVERSITY OF DENVER,UNIVERSITY OF DENVER
UNIVERSITY OF DETROIT MERCY,UNIVERSITY OF DETROIT MERCY,UNIVERSITY OF DETROIT MERCY
UNIVERSITY OF FLORIDA,UNIVERSITY OF FLORIDA,UNIVERSITY OF FLORIDA
UNIVERSITY OF GEORGIA,"UNIVERSITY OF GEORGIA RESEARCH FOUNDATION, INC.","UNIVERSITY OF GEORGIA RESEARCH FOUNDATION, INC."
UNIVERSITY OF HARTFORD,UNIVERSITY OF HARTFORD,UNIVERSITY OF HARTFORD
UNIVERSITY OF HAWAII,UNIVERSITY OF HAWAII,UNIVERSITY OF HAWAII
UNIVERSITY OF HOUSTON,UNIVERSITY OF HOUSTON,UNIVERSITY OF HOUSTON
UNIVERSITY OF IDAHO,UNIVERSITY OF IDAHO,UNIVERSITY OF IDAHO
UNIVERSITY OF ILLINOIS AT CHICAGO,THE UNIVERSITY OF ILLINOIS AT CHICAGO,THE UNIVERSITY OF ILLINOIS AT CHICAGO
UNIVERSITY OF ILLINOIS AT CHICAGO,UNIVERSITY OF ILLINOIS AT CHICAGO,UNIVERSITY OF ILLINOIS AT CHICAGO
UNIVERSITY OF ILLINOIS AT URBANA-CHAMPAIGN,UNIVERSITY OF ILLINOIS AT URBANA CHAMPAIGN,UNIVERSITY OF ILLINOIS AT URBANA CHAMPAIGN
UNIVERSITY OF ILLINOIS AT URBANA-CHAMPAIGN,UNIVERSITY OF ILLINOIS AT URBANA-CHAMPAIGN,UNIVERSITY OF ILLINOIS AT URBANA-CHAMPAIGN
UNIVERSITY OF IOWA,UNIVERSITY OF IOWA,UNIVERSITY OF IOWA
UNIVERSITY OF KANSAS AT LAWRENCE,UNIVERSITY OF KANSAS,UNIVERSITY OF KANSAS
UNIVERSITY OF KANSAS MEDICAL CENTER,UNIVERSITY OF KANSAS MEDICAL CENTER,UNIVERSITY OF KANSAS MEDICAL CENTER
UNIVERSITY OF KENTUCKY,UNIVERSITY OF KENTUCKY,UNIVERSITY OF KENTUCKY
UNIVERSITY OF LOUISIANA AT MONROE,UNIVERSITY OF LOUISIANA AT MONROE,UNIVERSITY OF LOUISIANA AT MONROE
UNIVERSITY OF LOUISVILLE,UNIVERSITY OF LOUISVILLE,UNIVERSITY OF LOUISVILLE
UNIVERSITY OF MAINE,UNIVERSITY OF MAINE SYSTEM,UNIVERSITY OF MAINE SYSTEM
UNIVERSITY OF MARYLAND AT BALTIMORE,UNIVERSITY OF MARYLAND AT BALTIMORE,UNIVERSITY OF MARYLAND AT BALTIMORE
UNIVERSITY OF MARYLAND AT BALTIMORE COUNTY,UNIVERSITY OF MARYLAND AT BALTIMORE COUNTY,UNIVERSITY OF MARYLAND AT BALTIMORE COUNTY
UNIVERSITY OF MARYLAND AT BALTIMORE COUNTY,UNIVERSITY OF MARYLAND BALTIMORE COUNTY,UNIVERSITY OF MARYLAND BALTIMORE COUNTY
UNIVERSITY OF MARYLAND AT COLLEGE PARK,UNIVERSITY OF MARYLAND,UNIVERSITY OF MARYLAND
UNIVERSITY OF MARYLAND AT COLLEGE PARK,UNIVERSITY OF MARYLAND AT COLLEGE PARK,UNIVERSITY OF MARYLAND AT COLLEGE PARK
UNIVERSITY OF MARYLAND BIOTECHNOLOGY INSTITUTE,,RELEVANT INSTITUTION NOT IN AGREEMENTS
UNIVERSITY OF MASSACHUSETTS AT AMHERST,UNIVERSITY OF MASSACHUSETTS AT AMHERST,UNIVERSITY OF MASSACHUSETTS AT AMHERST
UNIVERSITY OF MASSACHUSETTS AT BOSTON,UNIVERSITY OF MASSACHUSETTS AT BOSTON,UNIVERSITY OF MASSACHUSETTS AT BOSTON
UNIVERSITY OF MASSACHUSETTS AT DARTMOUTH,UNIVERSITY OF MASSACHUSETTS AT DARTMOUTH,UNIVERSITY OF MASSACHUSETTS AT DARTMOUTH
UNIVERSITY OF MASSACHUSETTS AT LOWELL,UNIVERSITY OF MASSACHUSETTS LOWELL CAMPUS,UNIVERSITY OF MASSACHUSETTS LOWELL CAMPUS
UNIVERSITY OF MASSACHUSETTS MEDICAL SCHOOL AT WORCESTER,UNIVERSITY OF MASSACHUSETTS MEDICAL SCHOOL,UNIVERSITY OF MASSACHUSETTS MEDICAL SCHOOL
UNIVERSITY OF MEDICINE AND DENTISTRY OF NEW JERSEY,UNIVERSITY OF MEDICINE AND DENTISTRY OF NEW JERSEY,UNIVERSITY OF MEDICINE AND DENTISTRY OF NEW JERSEY
UNIVERSITY OF MEMPHIS,THE UNIVERSITY OF MEMPHIS,THE UNIVERSITY OF MEMPHIS
UNIVERSITY OF MEMPHIS,UNIVERSITY OF MEMPHIS,UNIVERSITY OF MEMPHIS
UNIVERSITY OF MIAMI AT CORAL GABLES,UNIVERSITY OF MIAMI,UNIVERSITY OF MIAMI
UNIVERSITY OF MIAMI SCHOOL OF MEDICINE,UNIVERSITY OF MIAMI SCHOOL OF MEDICINE,UNIVERSITY OF MIAMI
UNIVERSITY OF MICHIGAN,UNIVERSITY OF MICHIGAN,UNIVERSITY OF MICHIGAN
UNIVERSITY OF MINNESOTA AT DULUTH,UNIVERSITY OF MINNESOTA AT DULUTH,UNIVERSITY OF MINNESOTA AT DULUTH
UNIVERSITY OF MINNESOTA AT TWIN CITIES,UNIVERSITY OF MINNESOTA AT TWIN CITIES,UNIVERSITY OF MINNESOTA AT TWIN CITIES
UNIVERSITY OF MISSISSIPPI,UNIVERSITY OF MISSISSIPPI,UNIVERSITY OF MISSISSIPPI
UNIVERSITY OF MISSISSIPPI MEDICAL CENTER,UNIVERSITY OF MISSISSIPPI MEDICAL CENTER,UNIVERSITY OF MISSISSIPPI MEDICAL CENTER
UNIVERSITY OF MISSOURI AT COLUMBIA,UNIVERSITY OF MISSOURI AT COLUMBIA,UNIVERSITY OF MISSOURI AT COLUMBIA
UNIVERSITY OF MISSOURI AT KANSAS CITY,UNIVERSITY OF MISSOURI AT KANSAS CITY,UNIVERSITY OF MISSOURI AT KANSAS CITY
UNIVERSITY OF MISSOURI AT ROLLA,UNIVERSITY OF MISSOURI AT ROLLA,UNIVERSITY OF MISSOURI AT ROLLA
UNIVERSITY OF MISSOURI AT ST. LOUIS,UNIVERSITY OF MISSOURI AT ST. LOUIS,UNIVERSITY OF MISSOURI AT ST. LOUIS
UNIVERSITY OF MONTANA,UNIVERSITY OF MONTANA,UNIVERSITY OF MONTANA
UNIVERSITY OF NEBRASKA AT LINCOLN,UNIVERSITY OF NEBRASKA AT LINCOLN,UNIVERSITY OF NEBRASKA AT LINCOLN
UNIVERSITY OF NEBRASKA AT OMAHA,UNIVERSITY OF NEBRASKA AT OMAHA,UNIVERSITY OF NEBRASKA AT OMAHA
UNIVERSITY OF NEBRASKA MEDICAL CENTER,UNIVERSITY OF NEBRASKA MEDICAL CENTER,UNIVERSITY OF NEBRASKA MEDICAL CENTER
UNIVERSITY OF NEVADA AT LAS VEGAS,UNIVERSITY OF NEVADA AT LAS VEGAS,UNIVERSITY OF NEVADA AT LAS VEGAS
UNIVERSITY OF NEVADA AT RENO,UNIVERSITY OF NEVADA AT RENO,UNIVERSITY OF NEVADA AT RENO
UNIVERSITY OF NEW HAMPSHIRE,UNIVERSITY OF NEW HAMPSHIRE,UNIVERSITY OF NEW HAMPSHIRE
UNIVERSITY OF NEW MEXICO AT ALBUQUERQUE,UNIVERSITY OF NEW MEXICO,UNIVERSITY OF NEW MEXICO
UNIVERSITY OF NEW ORLEANS,UNIVERSITY OF NEW ORLEANS,UNIVERSITY OF NEW ORLEANS
UNIVERSITY OF NORTH CAROLINA AT CHAPEL HILL,UNIVERSITY OF NORTH CAROLINA AT CHAPEL HILL,UNIVERSITY OF NORTH CAROLINA AT CHAPEL HILL
UNIVERSITY OF NORTH CAROLINA AT CHARLOTTE,UNIVERSITY OF NORTH CAROLINA AT CHARLOTTE,UNIVERSITY OF NORTH CAROLINA AT CHARLOTTE
UNIVERSITY OF NORTH CAROLINA AT GREENSBORO,UNIVERSITY OF NORTH CAROLINA AT GREENSBORO,UNIVERSITY OF NORTH CAROLINA AT GREENSBORO
UNIVERSITY OF NORTH CAROLINA AT WILMINGTON,UNIVERSITY OF NORTH CAROLINA AT WILMINGTON,UNIVERSITY OF NORTH CAROLINA AT WILMINGTON
UNIVERSITY OF NORTH DAKOTA,UNIVERSITY OF NORTH DAKOTA,UNIVERSITY OF NORTH DAKOTA
UNIVERSITY OF NORTH FLORIDA,UNIVERSITY OF NORTH FLORDIA,UNIVERSITY OF NORTH FLORDIA
UNIVERSITY OF NORTH FLORIDA,UNIVERSITY OF NORTH FLORIDA,UNIVERSITY OF NORTH FLORIDA
UNIVERSITY OF NORTH TEXAS,UNIVERSITY OF NORTH TEXAS,UNIVERSITY OF NORTH TEXAS
UNIVERSITY OF NORTH TEXAS HEALTH SCIENCE CENTER,TEXAS COLLEGE OF OSTEOPATHIC MEDICINE,TEXAS COLLEGE OF OSTEOPATHIC MEDICINE
UNIVERSITY OF NOTRE DAME DU LAC,UNIVERSITY OF NOTRE DAME,UNIVERSITY OF NOTRE DAME
UNIVERSITY OF NOTRE DAME DU LAC,UNIVERSITY OF NOTRE DAME DU LAC,UNIVERSITY OF NOTRE DAME DU LAC
UNIVERSITY OF OKLAHOMA AT NORMAN,UNIVERSITY OF OKLAHOMA,UNIVERSITY OF OKLAHOMA
UNIVERSITY OF OKLAHOMA HEALTH SCIENCES CENTER,UNIVERSITY OF OKLAHOMA HEALTH SCIENCES CENTER,UNIVERSITY OF OKLAHOMA HEALTH SCIENCES CENTER
UNIVERSITY OF OREGON AT EUGENE,UNIVERSITY OF OREGON AT EUGENE,UNIVERSITY OF OREGON AT EUGENE
UNIVERSITY OF PENNSYLVANIA,UNIVERSITY OF PENNSYLVANIA,UNIVERSITY OF PENNSYLVANIA
UNIVERSITY OF PITTSBURGH AT PITTSBURGH,UNIVERSITY OF PITTSBURGH,UNIVERSITY OF PITTSBURGH
UNIVERSITY OF PUERTO RICO AT RIO PIEDRAS,UNIVERSITY OF PUERTO RICO AT RIO PIEDRAS,UNIVERSITY OF PUERTO RICO MEDICAL SCIENCES
UNIVERSITY OF PUERTO RICO AT RIO PIEDRAS,UNIVERSITY OF PUERTO RICO RIO PIEDRAS,UNIVERSITY OF PUERTO RICO
UNIVERSITY OF PUERTO RICO MEDICAL SCIENCES,UNIVERSITY OF PUERTO RICO MEDICAL SCIENCES,UNIVERSITY OF PUERTO RICO
UNIVERSITY OF PUERTO RICO MEDICAL SCIENCES,UNIVERSITY OF PUERTO RICO MEDICAL SCIENCES,UNIVERSITY OF PUERTO RICO MEDICAL SCIENCES
UNIVERSITY OF RHODE ISLAND,UNIVERSITY OF RHODE ISLAND,UNIVERSITY OF RHODE ISLAND
UNIVERSITY OF RICHMOND,UNIVERSITY OF RICHMOND,UNIVERSITY OF RICHMOND
UNIVERSITY OF ROCHESTER,UNIVERSITY OF ROCHESTER,UNIVERSITY OF ROCHESTER
UNIVERSITY OF SAN FRANCISCO,UNIVERSITY OF SAN FRANCISCO,UNIVERSITY OF SAN FRANCISCO
UNIVERSITY OF SOUTH ALABAMA,UNIVERSITY OF SOUTH ALABAMA,UNIVERSITY OF SOUTH ALABAMA
UNIVERSITY OF SOUTH CAROLINA AT COLUMBIA,UNIVERSITY OF SOUTH CAROLINA,UNIVERSITY OF SOUTH CAROLINA
UNIVERSITY OF SOUTH CAROLINA AT COLUMBIA,UNIVERSITY OF SOUTH CAROLINA AT COLUMBIA,UNIVERSITY OF SOUTH CAROLINA
UNIVERSITY OF SOUTH DAKOTA,UNIVERSITY OF SOUTH DAKOTA,UNIVERSITY OF SOUTH DAKOTA
UNIVERSITY OF SOUTH FLORIDA,UNIVERSITY OF SOUTH FLORIDA,UNIVERSITY OF SOUTH FLORIDA
UNIVERSITY OF SOUTHERN CALIFORNIA,UNIVERSITY OF SOUTHERN CALIFORNIA,UNIVERSITY OF SOUTHERN CALIFORNIA
UNIVERSITY OF SOUTHERN MISSISSIPPI,UNIVERSITY OF SOUTHERN MISSISSIPPI,UNIVERSITY OF SOUTHERN MISSISSIPPI
UNIVERSITY OF TENNESSEE AT CHATTANOOGA,UNIVERSITY OF TENNESSEE AT CHATTANOOGA,UNIVERSITY OF TENNESSEE AT CHATTANOOGA
UNIVERSITY OF TENNESSEE AT KNOXVILLE,UNIVERSITY OF TENNESSEE,UNIVERSITY OF TENNESSEE
UNIVERSITY OF TENNESSEE AT KNOXVILLE,UNIVERSITY OF TENNESSEE AT KNOXVILLE,UNIVERSITY OF TENNESSEE AT KNOXVILLE
UNIVERSITY OF TENNESSEE HEALTH SCIENCE CENTER,UNIVERSITY OF TENNESSEE,UNIVERSITY OF TENNESSEE
UNIVERSITY OF TENNESSEE HEALTH SCIENCE CENTER,UNIVERSITY OF TENNESSEE CENTER FOR HEALTH SCIENCES,UNIVERSITY OF TENNESSEE CENTER FOR HEALTH SCIENCES
UNIVERSITY OF TEXAS AT ARLINGTON,UNIVERSITY OF TEXAS AT ARLINGTON,UNIVERSITY OF TEXAS AT ARLINGTON
UNIVERSITY OF TEXAS AT AUSTIN,UNIVERSITY OF TEXAS AT AUSTIN,UNIVERSITY OF TEXAS AT AUSTIN
UNIVERSITY OF TEXAS AT BROWNSVILLE AND TEXAS SOUTHMOST COLLEGE,UNIVERSITY OF TEXAS AT BROWNSVILLE AND TEXAS SOUTHMOST COLLEGE,UNIVERSITY OF TEXAS AT BROWNSVILLE AND TEXAS SOUTHMOST COLLEGE
UNIVERSITY OF TEXAS AT DALLAS,UNIVERSITY OF TEXAS AT DALLAS,UNIVERSITY OF TEXAS AT DALLAS
UNIVERSITY OF TEXAS AT EL PASO,UNIVERSITY OF TEXAS AT EL PASO,UNIVERSITY OF TEXAS AT EL PASO
UNIVERSITY OF TEXAS AT SAN ANTONIO,UNIVERSITY OF TEXAS AT SAN ANTONIO,UNIVERSITY OF TEXAS AT SAN ANTONIO
UNIVERSITY OF TEXAS HEALTH CENTER AT TYLER,UNIVERSITY OF TEXAS HEALTH CENTER AT TYLER,UNIVERSITY OF TEXAS HEALTH CENTER AT TYLER
UNIVERSITY OF TEXAS HEALTH SCIENCE CENTER AT HOUSTON,UNIVERSITY OF TEXAS HEALTH SCIENCE CENTER AT HOUSTON,UNIVERSITY OF TEXAS HEALTH SCIENCE CENTER AT HOUSTON
UNIVERSITY OF TEXAS MD ANDERSON CANCER CENTER,UNIVERSITY OF TEXAS M. D. ANDERSON CANCER CENTER,UNIVERSITY OF TEXAS M. D. ANDERSON CANCER CENTER
UNIVERSITY OF TEXAS MEDICAL BRANCH AT GALVESTON,UNIVERSITY OF TEXAS MEDICAL BRANCH AT GALVESTON,UNIVERSITY OF TEXAS MEDICAL BRANCH AT GALVESTON
UNIVERSITY OF TEXAS SOUTHWESTERN MEDICAL CENTER AT DALLAS,UNIVERSITY OF TEXAS SOUTHWESTERN,UNIVERSITY OF TEXAS SOUTHWESTERN
UNIVERSITY OF TEXAS SYSTEM,,RELEVANT INSTITUTION NOT IN AGREEMENTS
UNIVERSITY OF THE PACIFIC,UNIVERSITY OF THE PACIFIC,UNIVERSITY OF THE PACIFIC
UNIVERSITY OF THE SCIENCES IN PHILADELPHIA,UNIVERSITY OF THE SCIENCES IN PHILADELPHIA,UNIVERSITY OF THE SCIENCES IN PHILADELPHIA
UNIVERSITY OF TOLEDO,UNIVERSITY OF TOLEDO,UNIVERSITY OF TOLEDO
UNIVERSITY OF TOLEDO HEALTH SCIENCES CENTER,MEDICAL COLLEGE OF OHIO AT TOLEDO,MEDICAL COLLEGE OF OHIO AT TOLEDO
UNIVERSITY OF TULSA,UNIVERSITY OF TULSA,UNIVERSITY OF TULSA
UNIVERSITY OF UTAH,UNIVERSITY OF UTAH,UNIVERSITY OF UTAH
UNIVERSITY OF VERMONT AND STATE AGRICULTURAL COLLEGE,UNIVERSITY OF VERMONT,UNIVERSITY OF VERMONT
UNIVERSITY OF VIRGINIA AT CHARLOTTESVILLE,UNIVERSITY OF VIRGINIA,UNIVERSITY OF VIRGINIA
UNIVERSITY OF WASHINGTON,UNIVERSITY OF WASHINGTON,UNIVERSITY OF WASHINGTON
UNIVERSITY OF WISCONSIN AT EAU CLAIRE,UNIVERSITY OF WISCONSIN SYSTEM - EAU CLAIRE,UNIVERSITY OF WISCONSIN SYSTEM - EAU CLAIRE
UNIVERSITY OF WISCONSIN AT GREEN BAY,UNIVERSITY OF WISCONSIN SYSTEM - GREEN BAY,UNIVERSITY OF WISCONSIN SYSTEM - GREEN BAY
UNIVERSITY OF WISCONSIN AT MADISON,UNIVERSITY OF WISCONSIN - EXTENSION,UNIVERSITY OF WISCONSIN - EXTENSION
UNIVERSITY OF WISCONSIN AT MADISON,UNIVERSITY OF WISCONSIN - MADISON AND EXTENSION,UNIVERSITY OF WISCONSIN - MADISON AND EXTENSION
UNIVERSITY OF WISCONSIN AT MILWAUKEE,UNIVERSITY OF WISCONSIN - MILWAUKEE,UNIVERSITY OF WISCONSIN - MILWAUKEE
UNIVERSITY OF WISCONSIN AT PARKSIDE,UNIVERSITY OF WISCONSIN SYSTEM - PARKSIDE,UNIVERSITY OF WISCONSIN SYSTEM - PARKSIDE
UNIVERSITY OF WISCONSIN AT RIVER FALLS,UNIVERSITY OF WISCONSIN SYSTEM - RIVER FALLS,UNIVERSITY OF WISCONSIN SYSTEM - RIVER FALLS
UNIVERSITY OF WISCONSIN AT WHITEWATER,UNIVERSITY OF WISCONSIN SYSTEM - WHITEWATER,UNIVERSITY OF WISCONSIN SYSTEM - WHITEWATER
UNIVERSITY OF WYOMING,UNIVERSITY OF WYOMING,UNIVERSITY OF WYOMING
UNIVERSITYERSIDAD CENTRAL DEL CARIBE,UNIVERSIDAD CENTRAL DEL CARIBE,UNIVERSIDAD CENTRAL DEL CARIBE
UPMC CHILDRENS HOSPITAL OF PITTSBURGH,CHILDREN'S HOSPITAL OF PITTSBURGH,CHILDREN'S HOSPITAL OF PITTSBURGH
URBAN INSTITUTE,,RELEVANT INSTITUTION NOT IN AGREEMENTS
UTAH STATE UNIVERSITY,UTAH STATE UNIVERSITY,UTAH STATE UNIVERSITY
VAN ANDEL RESEARCH INSTITUTE,VAN ANDEL RESEARCH INSTITUTE,VAN ANDEL RESEARCH INSTITUTE
VANDERBILT UNIVERSITY,VANDERBILT UNIVERSITY,VANDERBILT UNIVERSITY
VASSAR COLLEGE,VASSAR COLLEGE,VASSAR COLLEGE
VETERANS MEDICAL RESEARCH FOUNDATION OF SAN DIEGO,VETERANS MEDICAL RESEARCH FOUNDATION,VETERANS MEDICAL RESEARCH FOUNDATION
VILLANOVA UNIVERSITY,VILLANOVA UNIVERSITY,VILLANOVA UNIVERSITY
VIRGINIA COMMONWEALTH UNIVERSITY,VIRGINIA COMMONWEALTH UNIVERSITY,VIRGINIA COMMONWEALTH UNIVERSITY
VIRGINIA POLYTECHNIC INSTITUTE AND STATE UNIVERSITY,VIRGINIA POLYTECHNIC INSTITUTE,VIRGINIA POLYTECHNIC INSTITUTE
VIRGINIA POLYTECHNIC INSTITUTE AND STATE UNIVERSITY,VIRGINIA TECH,VIRGINIA TECH
WADSWORTH CENTER,WADSWORTH CENTER FOR LABORATORIES AND RESEARCH,"HEALTH RESEARCH, INC."
WAKE FOREST UNIVERSITY HEALTH SCIENCES,WAKE FOREST UNIVERSITY HEALTH SCIENCES,WAKE FOREST UNIVERSITY HEALTH SCIENCES
WASHINGTON HOSPITAL CENTER,,RELEVANT INSTITUTION NOT IN AGREEMENTS
WASHINGTON STATE UNIVERSITY,WASHINGTON STATE UNIVERSITY,WASHINGTON STATE UNIVERSITY
WASHINGTON UNIVERSITY,WASHINGTON UNIVERSITY,WASHINGTON UNIVERSITY
WAYNE STATE UNIVERSITY,WAYNE STATE UNIVERSITY,WAYNE STATE UNIVERSITY
WEILL MEDICAL COLLEGE OF CORNELL UNIVERSITY,WEILL MEDICAL COLLEGE OF CORNELL UNIVERSITY,WEILL MEDICAL COLLEGE OF CORNELL UNIVERSITY
WELLESLEY COLLEGE,WELLESLEY COLLEGE,WELLESLEY COLLEGE
WESLEYAN UNIVERSITY,WESLEYAN UNIVERSITY,WESLEYAN UNIVERSITY
WEST VIRGINIA UNIVERSITY,WEST VIRGINIA UNIVERSITY,WEST VIRGINIA UNIVERSITY
"WESTAT, INC.",,RELEVANT INSTITUTION NOT IN AGREEMENTS
WESTERN CAROLINA UNIVERSITY,WESTERN CAROLINA UNIVERSITY,WESTERN CAROLINA UNIVERSITY
WESTERN CONSORTIUM FOR PUBLIC HEALTH,,RELEVANT INSTITUTION NOT IN AGREEMENTS
WESTERN KENTUCKY UNIVERSITY,WESTERN KENTUCKY UNIVERSITY,WESTERN KENTUCKY UNIVERSITY
WESTERN MICHIGAN UNIVERSITY,WESTERN MICHIGAN UNIVERSITY,WESTERN MICHIGAN UNIVERSITY
WESTERN PENNSYLVANIA HOSPITAL,THE WESTERN PENNSYLVANIA HOSPITAL FOUNDATION,THE WESTERN PENNSYLVANIA HOSPITAL FOUNDATION
WESTERN WASHINGTON UNIVERSITY,WESTERN WASHINGTON UNIVERSITY,WESTERN WASHINGTON UNIVERSITY
WHITEHEAD INSTITUTE FOR BIOMEDICAL RESEARCH,WHITEHEAD INSTITUTE FOR BIOMEDICAL RESEARCH,WHITEHEAD INSTITUTE FOR BIOMEDICAL RESEARCH
WHITTIER INSTITUTE FOR DIABETES AND ENDOCRINOLOGY,,RELEVANT INSTITUTION NOT IN AGREEMENTS
WICHITA STATE UNIVERSITY,WICHITA STATE UNIVERSITY,WICHITA STATE UNIVERSITY
WILLIAM BEAUMONT HOSPITAL,WILLIAM BEAUMONT HOSPITAL,WILLIAM BEAUMONT HOSPITAL
WILLIAMS COLLEGE,WILLIAMS COLLEGE,WILLIAMS COLLEGE
WILLIAMS COLLEGE,WILLLIAMS COLLEGE,WILLLIAMS COLLEGE
WILLS EYE HOSPITAL (PHILADELPHIA),WILLS EYE HOSPITAL,WILLS EYE HOSPITAL
WINSTON-SALEM STATE UNIVERSITY,WINSTON-SALEM STATE UNIVERSITY,WINSTON-SALEM STATE UNIVERSITY
WINSTON-SALEM STATE UNIVERSITY,WINSTON-SALEM UNIVERSITY,WINSTON-SALEM UNIVERSITY
WINTHROP-UNIVERSITY HOSPITAL,WINTHROP UNIVERSITY HOSPITAL,WINTHROP UNIVERSITY HOSPITAL
WISTAR INSTITUTE,THE WISTAR INSTITUTE OF ANATOMY AND BIOLOGY,THE WISTAR INSTITUTE OF ANATOMY AND BIOLOGY
WOMEN AND INFANTS HOSPITAL-RHODE ISLAND,WOMEN AND INFANTS' HOSPITAL,WOMEN AND INFANTS' HOSPITAL
WOODS HOLE OCEANOGRAPHIC INSTITUTE,WOODS HOLE OCEANOGRAPHIC INSTITUTION,WOODS HOLE OCEANOGRAPHIC INSTITUTION
WORCESTER FOUNDATION FOR BIOMEDICAL RESEARCH,,RELEVANT INSTITUTION NOT IN AGREEMENTS
WORCESTER POLYTECHNIC INSTITUTE,WORCESTER POLYTECHNIC INSTITUTE,WORCESTER POLYTECHNIC INSTITUTE
WRIGHT INSTITUTE,,RELEVANT INSTITUTION NOT IN AGREEMENTS
WRIGHT STATE UNIVERSITY,WRIGHT STATE UNIVERSITY,WRIGHT STATE UNIVERSITY
YALE UNIVERSITY,YALE UNIVERSITY,YALE UNIVERSITY
YALE-NEW HAVEN HOSPITAL,YALE NEW HAVEN HEALTH,YALE NEW HAVEN HEALTH
YESHIVA UNIVERSITY,YESHIVA UNIVERSITY,YESHIVA UNIVERSITY
